"Respondent","Applied_Time","ApplicantID","how_hear","Applicant","app_day"
1,2017-03-07 18:22:55,"I8397","Indeed.com","Yes",0.765925925923166
2,2017-03-07 19:25:42,"E4553","Tesoro employee","Yes",0.809513888888889
3,2017-03-07 20:50:20,"K3411","Indeed.com","Yes",0.868287037039796
4,2017-03-07 21:27:42,"B0927","Personal referral","Yes",0.894236111111111
5,2017-03-07 21:37:30,"M7964","Tesoro employee","Yes",0.901041666672186
6,2017-03-07 22:10:40,"T6655","Tesoro employee","Yes",0.924074074079593
7,2017-03-07 22:17:28,"S6229","Tesoro employee","Yes",0.928807870367611
8,2017-03-07 22:20:54,"W8768","Online job site (other than Indeed)","Yes",0.931180555555556
9,2017-03-07 22:42:22,"D8286","I am currently an employee or contractor at Tesoro","Yes",0.946099537031518
10,2017-03-07 22:55:36,"B2204","I am currently an employee or contractor at Tesoro","Yes",0.955277777777778
11,2017-03-07 23:08:34,"M2498","Social media (e.g. Facebook or Twitter)","Yes",0.964282407410167
12,2017-03-07 23:25:38,"A0077","Tesoro employee","Yes",0.976134259262019
13,2017-03-07 23:51:01,"R3897","I am currently an employee or contractor at Tesoro","Yes",0.993761574079593
14,2017-03-07 23:51:40,"K7032","Indeed.com","Yes",0.994224537034278
15,2017-03-07 23:55:29,"B8709","Tesoro employee","Yes",0.996863425928685
16,2017-03-08 00:01:00,"C2381","Personal referral","Yes",1.00070601851576
17,2017-03-08 00:02:10,"K6600","Personal referral","Yes",1.00150462963239
18,2017-03-08 00:05:37,"P9003","Tesoro website or mailing","Yes",1.00390046296572
19,2017-03-08 00:32:19,"M6853","Tesoro employee","Yes",1.02245370369818
20,2017-03-08 00:37:40,"B3121","Tesoro employee","Yes",1.02616898147872
21,2017-03-08 00:37:56,"H6378","Tesoro employee","Yes",1.02635416666391
22,2017-03-08 00:58:51,"S9003","Indeed.com","Yes",1.04086805555556
23,2017-03-08 01:00:09,"B3546","Social media (e.g. Facebook or Twitter)","Yes",1.04177083333333
24,2017-03-08 01:29:50,"W6578","Tesoro employee","Yes",1.06239583333057
25,2017-03-08 01:44:32,"P9953","Indeed.com","Yes",1.07260416666391
26,2017-03-08 01:45:35,"M0200","Indeed.com","Yes",1.07332175926478
27,2017-03-08 01:52:07,"H5553","Personal referral","Yes",1.07785879629906
28,2017-03-08 02:07:11,"M7831","Tesoro employee","Yes",1.08832175926478
29,2017-03-08 02:28:40,"S9961","Indeed.com","Yes",1.10324074074074
30,2017-03-08 02:55:15,"J4923","Personal referral","Yes",1.12170138888889
31,2017-03-08 06:21:29,"J9457","I am currently an employee or contractor at Tesoro","Yes",1.26491898148424
32,2017-03-08 06:48:30,"L6356","Tesoro website or mailing","Yes",1.28368055555556
33,2017-03-08 07:54:36,"V3148","Indeed.com","Yes",1.32958333333333
34,2017-03-08 08:25:13,"A3538","Indeed.com","Yes",1.35084490740741
35,2017-03-08 09:17:21,"D0529","Personal referral","Yes",1.38704861111111
36,2017-03-08 09:19:09,"V4331","Indeed.com","Yes",1.38831018518243
37,2017-03-08 09:31:28,"B0582","I am currently an employee or contractor at Tesoro","Yes",1.39686342592041
38,2017-03-08 10:23:47,"S1717","Personal referral","Yes",1.43318287037313
39,2017-03-08 10:38:01,"C4007","Personal referral","Yes",1.44306712962963
40,2017-03-08 11:01:14,"L7068","Indeed.com","Yes",1.45918981481481
41,2017-03-08 11:08:41,"C9726","Personal referral","Yes",1.46437499999724
42,2017-03-08 11:08:57,"M9463","Indeed.com","Yes",1.46456018517967
43,2017-03-08 11:09:03,"K0202","Indeed.com","Yes",1.46462962962687
44,2017-03-08 11:09:35,"G8345","I am currently an employee or contractor at Tesoro","Yes",1.46498842592593
45,2017-03-08 11:16:40,"M9684","Tesoro employee","Yes",1.46990740740741
46,2017-03-08 11:30:17,"H6489","Indeed.com","Yes",1.47937499999448
47,2017-03-08 11:33:18,"R2860","Tesoro employee","Yes",1.48145833333609
48,2017-03-08 11:42:35,"M9636","Tesoro employee","Yes",1.48791666666391
49,2017-03-08 11:47:35,"O0673","Tesoro website or mailing","Yes",1.49138888888337
50,2017-03-08 11:50:35,"H2237","Social media (e.g. Facebook or Twitter)","Yes",1.49346064814815
51,2017-03-08 12:02:04,"A1929","Online job site (other than Indeed)","Yes",1.5014467592565
52,2017-03-08 12:07:22,"M5695","Personal referral","Yes",1.50512731481206
53,2017-03-08 12:19:27,"M0549","Personal referral","Yes",1.51350694444444
54,2017-03-08 12:20:03,"V3208","Personal referral","Yes",1.51392361111387
55,2017-03-08 12:50:17,"M1271","Tesoro employee","Yes",1.53491898148148
56,2017-03-08 12:50:27,"W2023","Personal referral","Yes",1.53503472222774
57,2017-03-08 13:06:52,"E4093","Online job site (other than Indeed)","Yes",1.54643518518519
58,2017-03-08 13:15:49,"P9423","Tesoro employee","Yes",1.55265046296572
59,2017-03-08 13:16:53,"B4573","Personal referral","Yes",1.55339120370646
60,2017-03-08 13:26:42,NA,"Tesoro employee","No",1.56021990740465
61,2017-03-08 13:41:49,"A2592","Tesoro website or mailing","Yes",1.57070601852404
62,2017-03-08 13:58:29,"H3804","Tesoro website or mailing","Yes",1.58228009259535
63,2017-03-08 14:12:43,NA,"Personal referral","No",1.59217592592041
64,2017-03-08 14:29:35,NA,"Personal referral","No",1.60388888888613
65,2017-03-08 14:34:28,"H9430","Tesoro employee","Yes",1.60726851852128
66,2017-03-08 14:36:57,"W9362","Tesoro employee","Yes",1.60899305556107
67,2017-03-08 14:40:50,NA,"Personal referral","No",1.61170138888613
68,2017-03-08 14:40:54,"M4547","Tesoro website or mailing","Yes",1.61173611111111
69,2017-03-08 14:44:04,"T7358","Indeed.com","Yes",1.61393518518794
70,2017-03-08 14:56:46,"G5239","Tesoro employee","Yes",1.62275462962963
71,2017-03-08 15:00:38,"O3392","Indeed.com","Yes",1.62545138888613
72,2017-03-08 15:01:16,"M8873","Indeed.com","Yes",1.62589120370094
73,2017-03-08 15:04:56,"J5323","Personal referral","Yes",1.62843749999724
74,2017-03-08 15:16:41,NA,"Social media (e.g. Facebook or Twitter)","No",1.63658564815091
75,2017-03-08 15:19:30,"L5008","I am currently an employee or contractor at Tesoro","Yes",1.63854166666667
76,2017-03-08 15:28:38,"H0899","Personal referral","Yes",1.64488425925926
77,2017-03-08 15:36:05,"K9786","Indeed.com","Yes",1.65005787037037
78,2017-03-08 15:42:19,NA,"Personal referral","No",1.65438657407407
79,2017-03-08 15:56:10,"B1156","Personal referral","Yes",1.66400462962963
80,2017-03-08 15:59:51,NA,"Tesoro website or mailing","No",1.66657407407131
81,2017-03-08 16:15:52,"A0670","Tesoro employee","Yes",1.6776851851907
82,2017-03-08 16:37:10,"G9549","Personal referral","Yes",1.69248842592041
83,2017-03-08 16:55:31,"F4868","Tesoro employee","Yes",1.70523148147872
84,2017-03-08 16:58:14,"C1556","Indeed.com","Yes",1.70710648148148
85,2017-03-08 17:05:26,"B5913","Personal referral","Yes",1.71210648148424
86,2017-03-08 17:17:23,"V1851","Personal referral","Yes",1.72040509259259
87,2017-03-08 17:22:19,"G5444","I am currently an employee or contractor at Tesoro","Yes",1.72383101852128
88,2017-03-08 17:41:52,"S8789","Online job site (other than Indeed)","Yes",1.73741898147872
89,2017-03-08 17:44:32,"S2297","Personal referral","Yes",1.73925925925926
90,2017-03-08 17:46:49,"E6282","Don't remember","Yes",1.74084490740741
91,2017-03-08 17:50:41,"H4124","Tesoro employee","Yes",1.74353009259259
92,2017-03-08 17:57:14,"L8698","I am currently an employee or contractor at Tesoro","Yes",1.74809027777502
93,2017-03-08 18:11:27,"L3646","Tesoro employee","Yes",1.75795138889165
94,2017-03-08 18:12:24,"M9248","Job training program","Yes",1.75861111111663
95,2017-03-08 18:25:12,"W1520","Indeed.com","Yes",1.76751157407131
96,2017-03-08 18:25:17,"J2932","Newspaper ad","Yes",1.76755787037037
97,2017-03-08 18:45:19,"F2617","Tesoro website or mailing","Yes",1.78148148147872
98,2017-03-08 19:09:31,"J2299","Tesoro employee","Yes",1.79828703703152
99,2017-03-08 19:47:27,"D6756","Newspaper ad","Yes",1.82462962962687
100,2017-03-08 19:48:42,"S9070","Personal referral","Yes",1.82548611111387
101,2017-03-08 19:51:23,"C6383","Social media (e.g. Facebook or Twitter)","Yes",1.82734953703704
102,2017-03-08 19:53:36,"K7871","Tesoro employee","Yes",1.82888888889165
103,2017-03-08 20:00:37,"N7868","Personal referral","Yes",1.83377314814539
104,2017-03-08 20:17:00,"W5869","Indeed.com","Yes",1.84513888889441
105,2017-03-08 20:18:19,"S0439","Tesoro employee","Yes",1.84605324074074
106,2017-03-08 20:23:39,"B2612","Tesoro employee","Yes",1.849768518513
107,2017-03-08 20:48:13,NA,"Tesoro employee","No",1.86681712962963
108,2017-03-08 20:54:54,"H5999","Personal referral","Yes",1.87146990740465
109,2017-03-08 21:06:22,"G2642","Indeed.com","Yes",1.87943287036485
110,2017-03-08 21:10:30,"N0848","Social media (e.g. Facebook or Twitter)","Yes",1.88229166666943
111,2017-03-08 21:14:12,"T3126","Indeed.com","Yes",1.88486111111111
112,2017-03-08 21:14:19,"M2762","Personal referral","Yes",1.88494212963239
113,2017-03-08 21:16:08,"F5032","Personal referral","Yes",1.88621527777226
114,2017-03-08 21:18:41,"S5893","Personal referral","Yes",1.88797453703704
115,2017-03-08 21:33:19,"R7431","Tesoro employee","Yes",1.89813657407683
116,2017-03-08 21:37:34,"A8704","Tesoro website or mailing","Yes",1.90109953703428
117,2017-03-08 21:40:48,"N6239","Tesoro employee","Yes",1.90333333333609
118,2017-03-08 21:46:40,"B5118","Tesoro website or mailing","Yes",1.90740740740741
119,2017-03-08 21:47:26,"L5302","I am currently an employee or contractor at Tesoro","Yes",1.90793981481757
120,2017-03-08 22:01:32,"H6198","Tesoro employee","Yes",1.91773148148148
121,2017-03-08 22:04:00,"L7247","Tesoro employee","Yes",1.919456018513
122,2017-03-08 22:13:35,"L7082","Tesoro website or mailing","Yes",1.92609953704256
123,2017-03-08 22:23:33,"N8213","Newspaper ad","Yes",1.93302083333333
124,2017-03-08 22:32:14,"L3082","Indeed.com","Yes",1.93905092592593
125,2017-03-08 22:35:28,"C2908","Personal referral","Yes",1.94130787036485
126,2017-03-08 22:40:27,"D7302","Online job site (other than Indeed)","Yes",1.94475694444444
127,2017-03-08 22:44:07,"B3841","Tesoro employee","Yes",1.94730324074074
128,2017-03-08 22:54:15,"M0735","Social media (e.g. Facebook or Twitter)","Yes",1.95435185184633
129,2017-03-08 23:00:08,"B0865","Newspaper ad","Yes",1.95843749999724
130,2017-03-08 23:01:28,"R1676","Tesoro employee","Yes",1.95935185185185
131,2017-03-08 23:05:55,NA,"Newspaper ad","No",1.96244212963239
132,2017-03-08 23:09:41,NA,"Newspaper ad","No",1.96505787037313
133,2017-03-08 23:16:45,"H9952","Personal referral","Yes",1.96997685184633
134,2017-03-08 23:22:28,"W3994","Indeed.com","Yes",1.9739351851907
135,2017-03-08 23:23:53,"M1969","Tesoro website or mailing","Yes",1.97491898148424
136,2017-03-08 23:25:46,"P1895","Personal referral","Yes",1.97622685185461
137,2017-03-08 23:26:21,"S8090","I am currently an employee or contractor at Tesoro","Yes",1.9766319444472
138,2017-03-08 23:30:10,"L0854","Personal referral","Yes",1.97928240741017
139,2017-03-08 23:31:52,"S0053","Tesoro employee","Yes",1.98047453703428
140,2017-03-08 23:34:44,"B8593","I am currently an employee or contractor at Tesoro","Yes",1.98245370370646
141,2017-03-08 23:56:23,"J2626","Indeed.com","Yes",1.99748842592869
142,2017-03-08 23:58:10,"C4658","Tesoro employee","Yes",1.99872685185185
143,2017-03-09 00:00:08,"J9479","Social media (e.g. Facebook or Twitter)","Yes",2.00009259259259
144,2017-03-09 00:02:17,"H7279","Personal referral","Yes",2.0015972222167
145,2017-03-09 00:06:28,NA,"Tesoro employee","No",2.00450231481206
146,2017-03-09 00:14:03,"G7197","Social media (e.g. Facebook or Twitter)","Yes",2.0097569444472
147,2017-03-09 00:18:08,"S8596","Tesoro website or mailing","Yes",2.01259259259811
148,2017-03-09 00:26:29,"W6146","Indeed.com","Yes",2.0183912037037
149,2017-03-09 00:30:58,"T2266","I am currently an employee or contractor at Tesoro","Yes",2.02150462962963
150,2017-03-09 00:40:43,"M4421","I am currently an employee or contractor at Tesoro","Yes",2.02828703703428
151,2017-03-09 00:44:59,"K3027","Personal referral","Yes",2.03123842593144
152,2017-03-09 00:50:39,NA,"Social media (e.g. Facebook or Twitter)","No",2.03517361111111
153,2017-03-09 00:50:46,"C9814","I am currently an employee or contractor at Tesoro","Yes",2.03525462963515
154,2017-03-09 00:59:21,"C6674","Online job site (other than Indeed)","Yes",2.04121527777778
155,2017-03-09 01:04:02,"N8780","Social media (e.g. Facebook or Twitter)","Yes",2.04446759259811
156,2017-03-09 01:12:37,"J6575","Tesoro employee","Yes",2.05042824074074
157,2017-03-09 01:17:41,"W4855","Personal referral","Yes",2.05395833333057
158,2017-03-09 01:27:48,"B4364","Newspaper ad","Yes",2.06097222222222
159,2017-03-09 01:35:18,"C0410","Tesoro website or mailing","Yes",2.06618055555832
160,2017-03-09 01:47:21,"M1676","Tesoro employee","Yes",2.07456018518243
161,2017-03-09 01:48:53,"V0881","Tesoro website or mailing","Yes",2.07561342592869
162,2017-03-09 02:32:13,NA,"Online job site (other than Indeed)","No",2.10570601851852
163,2017-03-09 02:39:05,"D5839","Indeed.com","Yes",2.1104745370398
164,2017-03-09 02:54:29,"J3925","Indeed.com","Yes",2.12118055555004
165,2017-03-09 03:06:03,"S4696","Tesoro employee","Yes",2.12921296295744
166,2017-03-09 03:32:03,"P3219","Personal referral","Yes",2.14726851851576
167,2017-03-09 03:35:49,"F1114","Newspaper ad","Yes",2.1498842592565
168,2017-03-09 03:36:32,NA,"Social media (e.g. Facebook or Twitter)","No",2.15037037037037
169,2017-03-09 04:01:13,"R2801","I am currently an employee or contractor at Tesoro","Yes",2.16751157407407
170,2017-03-09 04:59:52,"B8078","I am currently an employee or contractor at Tesoro","Yes",2.2082407407435
171,2017-03-09 07:08:54,"W3568","Personal referral","Yes",2.29784722222498
172,2017-03-09 09:02:04,"S5586","Personal referral","Yes",2.37643518518519
173,2017-03-09 09:16:43,NA,"Tesoro website or mailing","No",2.3866087962963
174,2017-03-09 09:42:07,"A7815","I am currently an employee or contractor at Tesoro","Yes",2.4042476851907
175,2017-03-09 09:49:42,NA,"Tesoro employee","No",2.40951388888889
176,2017-03-09 11:23:10,"F6232","Tesoro website or mailing","Yes",2.47442129629906
177,2017-03-09 11:30:33,"J1460","Newspaper ad","Yes",2.47954861111111
178,2017-03-09 11:52:43,"W9413","Tesoro website or mailing","Yes",2.49494212963239
179,2017-03-09 11:56:03,"S3755","Indeed.com","Yes",2.49725694444444
180,2017-03-09 12:44:22,"W5213","Indeed.com","Yes",2.53081018518519
181,2017-03-09 13:20:52,"M5003","Tesoro employee","Yes",2.55616898147872
182,2017-03-09 13:23:53,"C9542","Tesoro website or mailing","Yes",2.55825231481757
183,2017-03-09 13:47:52,"M6026","Tesoro website or mailing","Yes",2.57490740741293
184,2017-03-09 14:03:25,NA,"Indeed.com","No",2.58570601852128
185,2017-03-09 14:13:27,"W5895","Newspaper ad","Yes",2.59267361111387
186,2017-03-09 14:14:56,"W1336","Indeed.com","Yes",2.59370370370646
187,2017-03-09 14:20:30,"H0631","Tesoro employee","Yes",2.59756944444996
188,2017-03-09 14:38:02,"P6745","Tesoro website or mailing","Yes",2.60974537037037
189,2017-03-09 14:43:58,"D5933","Tesoro employee","Yes",2.61387731481206
190,2017-03-09 14:53:01,"T3223","Indeed.com","Yes",2.62015046296572
191,2017-03-09 14:57:58,"S0171","Indeed.com","Yes",2.62358796296848
192,2017-03-09 15:26:41,"P7048","Tesoro website or mailing","Yes",2.64353009259535
193,2017-03-09 15:50:58,"W7986","Indeed.com","Yes",2.66039351851852
194,2017-03-09 15:51:28,"A5326","Tesoro website or mailing","Yes",2.66075231481206
195,2017-03-09 15:55:10,"C8118","Tesoro website or mailing","Yes",2.66331018518519
196,2017-03-09 16:11:28,"B9048","Personal referral","Yes",2.67462962963239
197,2017-03-09 16:14:33,"E5162","Tesoro employee","Yes",2.67677083333609
198,2017-03-09 16:22:31,"J9910","Tesoro employee","Yes",2.68230324074074
199,2017-03-09 16:23:57,"H6836","Online job site (other than Indeed)","Yes",2.68329861111111
200,2017-03-09 16:39:17,"K2897","Personal referral","Yes",2.69395833333057
201,2017-03-09 16:39:52,"R9346","Indeed.com","Yes",2.69436342592317
202,2017-03-09 16:48:25,"B4352","Tesoro employee","Yes",2.70028935185185
203,2017-03-09 17:07:11,"N7262","Personal referral","Yes",2.71332175926478
204,2017-03-09 17:07:40,"M1254","Employment agency","Yes",2.71365740741017
205,2017-03-09 17:13:53,NA,"Indeed.com","No",2.71797453703704
206,2017-03-09 17:36:58,NA,"Indeed.com","No",2.73401620370094
207,2017-03-09 17:56:20,"H8129","Online job site (other than Indeed)","Yes",2.74746527777502
208,2017-03-09 17:57:33,"I7865","Indeed.com","Yes",2.74831018518243
209,2017-03-09 18:06:21,"L5998","Online job site (other than Indeed)","Yes",2.75440972222774
210,2017-03-09 18:08:45,NA,"Social media (e.g. Facebook or Twitter)","No",2.7560879629602
211,2017-03-09 18:19:19,"M2733","Indeed.com","Yes",2.76342592592041
212,2017-03-09 18:33:21,"F0881","Indeed.com","Yes",2.77315972222222
213,2017-03-09 18:51:51,"D3101","Tesoro employee","Yes",2.78600694444444
214,2017-03-09 19:11:19,"B2474","Newspaper ad","Yes",2.79952546296296
215,2017-03-09 19:17:18,"C5120","Newspaper ad","Yes",2.80368055556107
216,2017-03-09 19:34:00,"D6263","Recruiting organization","Yes",2.81527777778054
217,2017-03-09 19:43:43,"A8384","Indeed.com","Yes",2.82202546296296
218,2017-03-09 19:59:43,"M2908","Tesoro employee","Yes",2.83314814814263
219,2017-03-09 20:03:00,"A6499","Tesoro employee","Yes",2.83542824073798
220,2017-03-09 20:08:43,"B9088","Indeed.com","Yes",2.83938657407407
221,2017-03-09 20:41:57,"F0542","Personal referral","Yes",2.86247685184909
222,2017-03-09 20:48:24,"M4191","Personal referral","Yes",2.8669444444472
223,2017-03-09 20:52:14,"A3370","Personal referral","Yes",2.869606481487
224,2017-03-09 20:54:08,"T4264","Indeed.com","Yes",2.87092592592593
225,2017-03-09 20:54:56,"Q0953","Tesoro website or mailing","Yes",2.87148148148148
226,2017-03-09 21:12:03,"L7834","Personal referral","Yes",2.88336805555556
227,2017-03-09 21:12:31,"T6618","Tesoro employee","Yes",2.88369212963239
228,2017-03-09 21:20:02,"H8863","Tesoro employee","Yes",2.88891203703704
229,2017-03-09 21:21:38,"S5367","Online job site (other than Indeed)","Yes",2.89002314815367
230,2017-03-09 21:26:51,"W5841","Tesoro employee","Yes",2.89365740740189
231,2017-03-09 21:32:41,"S0927","Indeed.com","Yes",2.89769675926202
232,2017-03-09 21:33:23,"M7956","Indeed.com","Yes",2.89818287037037
233,2017-03-09 21:35:11,"G0448","I am currently an employee or contractor at Tesoro","Yes",2.89944444443893
234,2017-03-09 21:42:55,"W1903","Social media (e.g. Facebook or Twitter)","Yes",2.9048032407435
235,2017-03-09 22:18:12,"O4694","Personal referral","Yes",2.92930555556107
236,2017-03-09 22:22:02,"G1655","Personal referral","Yes",2.93196759259535
237,2017-03-09 22:23:54,"M4305","Personal referral","Yes",2.93326388888889
238,2017-03-09 22:40:30,"S9120","Personal referral","Yes",2.94479166666943
239,2017-03-09 22:44:13,"S6718","Tesoro employee","Yes",2.94737268518519
240,2017-03-09 22:47:37,"B7271","Indeed.com","Yes",2.94974537036485
241,2017-03-09 23:01:40,"M1837","I am currently an employee or contractor at Tesoro","Yes",2.9594907407435
242,2017-03-09 23:43:55,"K2789","Newspaper ad","Yes",2.98884259258983
243,2017-03-09 23:59:08,"S1641","Tesoro website or mailing","Yes",2.99939814815367
244,2017-03-10 00:06:54,"L1455","Social media (e.g. Facebook or Twitter)","Yes",3.00480324073522
245,2017-03-10 00:54:23,"T9348","Personal referral","Yes",3.03776620370646
246,2017-03-10 00:58:12,"F4667","Tesoro employee","Yes",3.04041666666943
247,2017-03-10 01:28:40,"S9677","Tesoro employee","Yes",3.06158564814539
248,2017-03-10 01:42:14,"S8429","I am currently an employee or contractor at Tesoro","Yes",3.07099537037037
249,2017-03-10 01:57:25,"P8266","Personal referral","Yes",3.08153935185737
250,2017-03-10 02:00:34,NA,"Tesoro employee","No",3.08372685185185
251,2017-03-10 02:32:40,"C6012","Indeed.com","Yes",3.10603009258983
252,2017-03-10 08:23:07,"N6722","Tesoro website or mailing","Yes",3.34938657407407
253,2017-03-10 09:16:49,"W0065","Indeed.com","Yes",3.3866782407435
254,2017-03-10 12:57:12,"C8434","Indeed.com","Yes",3.53972222222498
255,2017-03-10 13:18:13,NA,"Personal referral","No",3.55432870370094
256,2017-03-10 13:23:02,"R0815","Indeed.com","Yes",3.5576620370398
257,2017-03-10 13:28:33,NA,"Personal referral","No",3.56149305556107
258,2017-03-10 13:46:13,NA,"Recruiting organization","No",3.57376157407407
259,2017-03-10 14:37:29,"O3905","Newspaper ad","Yes",3.60936342593144
260,2017-03-10 14:58:30,"K1454","Tesoro employee","Yes",3.62395833333609
261,2017-03-10 15:04:56,"H4376","Social media (e.g. Facebook or Twitter)","Yes",3.62843749999724
262,2017-03-10 15:20:00,"S0228","Personal referral","Yes",3.6389004629602
263,2017-03-10 15:22:25,"M3813","Tesoro employee","Yes",3.64056712962963
264,2017-03-10 17:28:00,"J8613","Personal referral","Yes",3.72777777777778
265,2017-03-10 17:56:04,"H3896","Personal referral","Yes",3.74726851852128
266,2017-03-10 18:00:00,"B9050","Tesoro website or mailing","Yes",3.75001157406856
267,2017-03-10 18:02:52,"K6311","Indeed.com","Yes",3.7520023148093
268,2017-03-10 18:03:23,"S3866","Personal referral","Yes",3.7523495370398
269,2017-03-10 18:35:27,"H8813","Online job site (other than Indeed)","Yes",3.77461805555556
270,2017-03-10 18:56:27,"H7873","Newspaper ad","Yes",3.78920138889165
271,2017-03-10 19:25:04,"P8776","Personal referral","Yes",3.80908564814263
272,2017-03-10 19:30:54,"P7078","Tesoro employee","Yes",3.81313657407131
273,2017-03-10 19:45:39,NA,"Tesoro website or mailing","No",3.82336805555556
274,2017-03-10 20:24:22,"L1088","Tesoro website or mailing","Yes",3.85025462962963
275,2017-03-10 20:32:40,"P1789","Tesoro employee","Yes",3.85601851851852
276,2017-03-10 21:27:35,"C3844","Indeed.com","Yes",3.89415509259535
277,2017-03-10 21:29:36,NA,"Tesoro employee","No",3.89555555555832
278,2017-03-10 21:49:11,"V3102","Tesoro employee","Yes",3.90916666666391
279,2017-03-10 22:13:39,"L6099","Tesoro website or mailing","Yes",3.92614583333609
280,2017-03-10 22:13:58,"C8555","Tesoro website or mailing","Yes",3.92637731481206
281,2017-03-10 22:17:35,"B0205","Job training program","Yes",3.92887731481481
282,2017-03-10 22:20:39,"R9756","Personal referral","Yes",3.93101851851576
283,2017-03-10 22:47:31,"H9191","Tesoro employee","Yes",3.94966435185185
284,2017-03-10 22:48:05,"M3848","Indeed.com","Yes",3.95005787037313
285,2017-03-10 23:13:13,"S1588","Indeed.com","Yes",3.96751157407683
286,2017-03-10 23:22:27,"B3107","Tesoro employee","Yes",3.97392361111387
287,2017-03-10 23:47:27,"P0258","Online job site (other than Indeed)","Yes",3.99128472222222
288,2017-03-10 23:50:11,"B2275","Tesoro employee","Yes",3.99318287037037
289,2017-03-11 00:40:57,"H8679","Tesoro employee","Yes",4.02843750000552
290,2017-03-11 00:43:04,"W8271","Personal referral","Yes",4.02990740740741
291,2017-03-11 00:45:09,"M5061","Tesoro website or mailing","Yes",4.03135416666943
292,2017-03-11 04:05:43,"S2977","Personal referral","Yes",4.17063657407683
293,2017-03-11 06:46:39,"F8909","Indeed.com","Yes",4.28239583333333
294,2017-03-11 09:29:05,NA,"Tesoro website or mailing","No",4.39519675925926
295,2017-03-11 12:07:56,"G9058","Indeed.com","Yes",4.50550925925926
296,2017-03-11 12:30:23,"Z3404","Personal referral","Yes",4.52109953703704
297,2017-03-11 13:26:28,"G8793","Tesoro employee","Yes",4.5600462962963
298,2017-03-11 13:27:52,"B7656","Personal referral","Yes",4.56101851852128
299,2017-03-11 13:34:02,"L4851","Tesoro employee","Yes",4.56530092592593
300,2017-03-11 13:43:05,"B2701","I am currently an employee or contractor at Tesoro","Yes",4.57158564814815
301,2017-03-11 13:48:43,"S2585","Personal referral","Yes",4.5754976851907
302,2017-03-11 13:57:09,"J7638","Indeed.com","Yes",4.58135416667219
303,2017-03-11 14:32:11,NA,"Indeed.com","No",4.60569444444168
304,2017-03-11 15:01:35,"M1848","Tesoro employee","Yes",4.62611111110835
306,2017-03-11 15:42:29,"R7482","Job training program","Yes",4.65450231481482
307,2017-03-11 15:54:01,"R0460","Tesoro employee","Yes",4.66251157407407
308,2017-03-11 15:57:53,"S6073","Indeed.com","Yes",4.66519675926202
309,2017-03-11 16:13:23,"L6978","Indeed.com","Yes",4.67597222221946
310,2017-03-11 16:29:14,"N8576","Don't remember","Yes",4.68696759259259
311,2017-03-11 16:49:12,"D9507","Tesoro website or mailing","Yes",4.70083333333609
312,2017-03-11 16:49:35,"C5581","Personal referral","Yes",4.70111111110559
313,2017-03-11 18:37:36,"L3964","Tesoro website or mailing","Yes",4.77611111111111
314,2017-03-11 19:15:21,"S5659","Tesoro employee","Yes",4.8023379629602
315,2017-03-11 19:34:15,"E6389","I am currently an employee or contractor at Tesoro","Yes",4.81545138888889
316,2017-03-11 19:45:52,"B5999","Personal referral","Yes",4.82351851851852
317,2017-03-11 20:26:24,NA,"I am currently an employee or contractor at Tesoro","No",4.85166666666943
318,2017-03-11 20:34:03,"F1134","Social media (e.g. Facebook or Twitter)","Yes",4.85699074073522
319,2017-03-11 20:41:09,"W3244","Indeed.com","Yes",4.86192129629354
320,2017-03-11 21:09:28,"D8153","Don't remember","Yes",4.88157407407683
321,2017-03-11 21:47:57,"G6077","Tesoro employee","Yes",4.90829861111111
322,2017-03-11 22:06:17,"P6720","Tesoro employee","Yes",4.92103009259259
323,2017-03-11 22:22:56,"H6435","Tesoro website or mailing","Yes",4.93259259259535
324,2017-03-11 22:41:10,"N5035","Tesoro employee","Yes",4.94525462962963
325,2017-03-11 23:29:26,"J4948","Tesoro website or mailing","Yes",4.9787847222167
326,2017-03-11 23:41:22,"L9607","Tesoro employee","Yes",4.98706018518794
327,2017-03-11 23:46:09,"B8523","Indeed.com","Yes",4.99038194444444
328,2017-03-12 00:03:00,"P2351","Tesoro website or mailing","Yes",5.00208333333333
329,2017-03-12 00:41:55,NA,"Online job site (other than Indeed)","No",5.02910879629906
330,2017-03-12 00:44:52,"J3929","Indeed.com","Yes",5.03115740740741
331,2017-03-12 01:59:52,"S9342","Online job site (other than Indeed)","Yes",5.08325231481206
332,2017-03-12 03:11:39,"U3345","Personal referral","Yes",5.13309027777778
333,2017-03-12 05:22:29,"B5820","Tesoro employee","Yes",5.22394675925926
334,2017-03-12 07:43:59,"S4223","Personal referral","Yes",5.32221064814815
335,2017-03-12 10:40:54,"R2148","Tesoro employee","Yes",5.4450694444472
336,2017-03-12 10:47:17,"G6504","Personal referral","Yes",5.44950231482033
337,2017-03-12 12:09:23,NA,"Personal referral","No",5.50651620370646
338,2017-03-12 12:14:03,"J1273","I am currently an employee or contractor at Tesoro","Yes",5.5097569444472
339,2017-03-12 12:19:09,"H7792","I am currently an employee or contractor at Tesoro","Yes",5.51329861111387
340,2017-03-12 12:36:17,"G9439","I am currently an employee or contractor at Tesoro","Yes",5.52519675926202
341,2017-03-12 12:39:10,"T2070","Indeed.com","Yes",5.52719907407407
342,2017-03-12 13:01:36,"M9268","Indeed.com","Yes",5.54278935184909
343,2017-03-12 13:15:23,NA,"Indeed.com","No",5.55234953703704
344,2017-03-12 13:21:42,"H9059","I am currently an employee or contractor at Tesoro","Yes",5.55673611111111
345,2017-03-12 13:43:03,NA,"Indeed.com","No",5.5715625
346,2017-03-12 13:50:41,"G8692","Tesoro employee","Yes",5.57686342592869
347,2017-03-12 13:53:55,NA,"Online job site (other than Indeed)","No",5.57910879630181
348,2017-03-12 14:05:17,"L4055","I am currently an employee or contractor at Tesoro","Yes",5.58701388888613
349,2017-03-12 14:41:46,"P6604","Tesoro website or mailing","Yes",5.61233796296572
350,2017-03-12 15:30:08,"M2972","Tesoro employee","Yes",5.64592592592869
351,2017-03-12 15:44:09,"V8297","Tesoro employee","Yes",5.65567129629078
352,2017-03-12 16:26:20,"H0857","Indeed.com","Yes",5.68496527777502
353,2017-03-12 16:26:55,"G0871","Tesoro website or mailing","Yes",5.68535879629906
354,2017-03-12 16:29:47,"A2699","Tesoro employee","Yes",5.68734953703704
355,2017-03-12 16:29:57,"E4400","Tesoro employee","Yes",5.68746527777778
356,2017-03-12 16:32:10,"V3063","Indeed.com","Yes",5.68901620370094
357,2017-03-12 16:46:35,"S5218","Indeed.com","Yes",5.6990162037037
358,2017-03-12 17:15:19,"R8383","Tesoro website or mailing","Yes",5.71896990740741
359,2017-03-12 17:29:15,"D9467","Tesoro website or mailing","Yes",5.72864583333333
360,2017-03-12 17:35:37,"A5143","Online job site (other than Indeed)","Yes",5.73306712962963
361,2017-03-12 17:41:56,"B1879","Indeed.com","Yes",5.7374537037037
362,2017-03-12 18:08:00,"S4715","Indeed.com","Yes",5.75555555555831
363,2017-03-12 18:20:38,"J8195","Tesoro employee","Yes",5.76434027777502
364,2017-03-12 18:44:57,"H0701","Tesoro employee","Yes",5.78121527777778
365,2017-03-12 19:07:52,NA,"Indeed.com","No",5.79712962962963
366,2017-03-12 19:13:58,"P3969","Online job site (other than Indeed)","Yes",5.8013657407435
367,2017-03-12 19:27:32,"H3990","Tesoro employee","Yes",5.81078703703704
368,2017-03-12 19:31:35,"W0624","Indeed.com","Yes",5.81361111110835
369,2017-03-12 20:55:25,"P6149","Personal referral","Yes",5.87181712963515
370,2017-03-12 21:33:23,"M0949","Indeed.com","Yes",5.89818287037037
371,2017-03-12 21:39:21,"W6279","Tesoro website or mailing","Yes",5.90232638888889
372,2017-03-12 21:44:34,"S6590","Tesoro employee","Yes",5.90596064814539
373,2017-03-12 21:48:43,"W8001","Tesoro employee","Yes",5.90884259258707
374,2017-03-12 22:10:15,"B8704","Tesoro website or mailing","Yes",5.92378472222498
375,2017-03-12 22:39:20,"E6989","Personal referral","Yes",5.94398148148424
376,2017-03-12 22:47:58,"H4971","Tesoro employee","Yes",5.94997685185185
377,2017-03-12 23:33:21,"J0856","Tesoro employee","Yes",5.98149305555831
378,2017-03-13 00:26:19,"B0198","I am currently an employee or contractor at Tesoro","Yes",6.01827546296296
379,2017-03-13 00:34:35,"F8231","Tesoro website or mailing","Yes",6.02401620370922
380,2017-03-13 00:42:38,"V6996","Personal referral","Yes",6.02960648148424
381,2017-03-13 00:57:44,"R0949","Tesoro employee","Yes",6.04009259259259
382,2017-03-13 01:08:14,"D2511","Tesoro employee","Yes",6.04738425926202
383,2017-03-13 04:47:03,"R8038","Tesoro website or mailing","Yes",6.19935185184909
384,2017-03-13 05:11:45,"M8616","Indeed.com","Yes",6.21649305555832
385,2017-03-13 07:19:48,NA,"Indeed.com","No",6.30541666666943
386,2017-03-13 08:17:26,"P5783","Personal referral","Yes",6.34545138888613
387,2017-03-13 08:53:54,"M8914","Personal referral","Yes",6.37077546295744
388,2017-03-13 10:32:45,"P2409","Tesoro employee","Yes",6.43940972222498
389,2017-03-13 10:57:07,NA,"Tesoro website or mailing","No",6.45633101851852
390,2017-03-13 11:55:37,"J5014","Tesoro employee","Yes",6.49695601852128
391,2017-03-13 12:06:12,"T2150","Indeed.com","Yes",6.50430555555832
392,2017-03-13 12:38:53,"R1325","Tesoro website or mailing","Yes",6.52700231481757
393,2017-03-13 12:55:17,"A3837","Tesoro employee","Yes",6.53839120370646
394,2017-03-13 13:00:20,"H1301","Newspaper ad","Yes",6.54190972221946
395,2017-03-13 13:33:06,"M1863","Tesoro website or mailing","Yes",6.56465277777778
396,2017-03-13 13:36:53,"E5775","Personal referral","Yes",6.56728009259811
397,2017-03-13 13:40:08,"A3321","Tesoro website or mailing","Yes",6.56954861110835
398,2017-03-13 13:48:50,"L5524","Tesoro website or mailing","Yes",6.57557870370646
399,2017-03-13 14:10:42,"H0351","Indeed.com","Yes",6.5907754629602
400,2017-03-13 14:52:09,"K1339","Newspaper ad","Yes",6.61954861111111
401,2017-03-13 15:16:28,"J3167","I am currently an employee or contractor at Tesoro","Yes",6.6364467592565
402,2017-03-13 15:30:13,"M1595","Tesoro website or mailing","Yes",6.6459837962963
403,2017-03-13 15:42:29,"L4503","Indeed.com","Yes",6.65450231481482
404,2017-03-13 15:53:42,"M9739","Tesoro employee","Yes",6.66230324073798
405,2017-03-13 16:28:27,"I3068","Tesoro website or mailing","Yes",6.68642361111387
406,2017-03-13 16:30:06,"N8958","Tesoro website or mailing","Yes",6.6875694444472
407,2017-03-13 16:35:37,"K3059","Personal referral","Yes",6.69140046296572
408,2017-03-13 16:52:32,"M1623","Personal referral","Yes",6.70314814815367
409,2017-03-13 17:08:14,"J1858","Indeed.com","Yes",6.71405092592593
410,2017-03-13 17:19:59,"L0896","Tesoro employee","Yes",6.72222222221946
411,2017-03-13 17:20:05,"H5966","Recruiting organization","Yes",6.72228009259535
412,2017-03-13 17:33:56,"C1598","Tesoro website or mailing","Yes",6.73189814815091
413,2017-03-13 17:52:21,"T1926","Indeed.com","Yes",6.74468750000276
414,2017-03-13 18:10:56,"T3506","Indeed.com","Yes",6.75759259259259
415,2017-03-13 18:11:55,"K9088","Tesoro website or mailing","Yes",6.75827546296296
416,2017-03-13 18:36:49,"R2874","Personal referral","Yes",6.77557870370094
417,2017-03-13 19:08:52,"G8362","Tesoro website or mailing","Yes",6.79782407407683
418,2017-03-13 20:06:52,"V5223","Tesoro employee","Yes",6.83810185185461
419,2017-03-13 20:13:23,"C4318","Personal referral","Yes",6.84262731481481
420,2017-03-13 20:16:35,"W7081","Tesoro website or mailing","Yes",6.84486111110835
421,2017-03-13 20:21:21,"T7941","Tesoro website or mailing","Yes",6.84815972222774
422,2017-03-13 20:25:46,"A4838","Indeed.com","Yes",6.85123842592317
423,2017-03-13 20:33:21,NA,"Online job site (other than Indeed)","No",6.85649305555831
424,2017-03-13 20:42:45,"B1502","Tesoro employee","Yes",6.86302083333333
425,2017-03-13 20:43:42,"H0630","Personal referral","Yes",6.86368055555832
426,2017-03-13 20:46:44,"C5829","Personal referral","Yes",6.86578703703704
427,2017-03-13 20:59:12,"W9325","Indeed.com","Yes",6.87445601851576
428,2017-03-13 21:05:02,"O8558","Personal referral","Yes",6.87849537037313
429,2017-03-13 21:14:25,"J2823","Tesoro employee","Yes",6.88501157407959
430,2017-03-13 21:24:49,"P9808","Newspaper ad","Yes",6.89223379630182
431,2017-03-13 22:09:09,"B5809","Online job site (other than Indeed)","Yes",6.92302083333333
432,2017-03-13 22:11:25,"W6967","Indeed.com","Yes",6.92459490741017
433,2017-03-13 22:41:53,"D3437","Personal referral","Yes",6.94575231481481
434,2017-03-13 22:43:19,"S1196","Indeed.com","Yes",6.94674768518519
435,2017-03-13 22:52:32,"U4572","Indeed.com","Yes",6.95314814815367
436,2017-03-13 23:09:29,"O2575","Personal referral","Yes",6.96491898148148
437,2017-03-13 23:42:16,"B5804","Indeed.com","Yes",6.9876967592565
438,2017-03-13 23:43:16,"G2712","Tesoro employee","Yes",6.98837962963515
439,2017-03-13 23:47:16,"C6035","Personal referral","Yes",6.99116898147596
440,2017-03-13 23:51:08,"S6618","Tesoro employee","Yes",6.99384259259259
441,2017-03-14 00:02:54,"H4605","Tesoro website or mailing","Yes",7.00201388889441
442,2017-03-14 00:08:16,"W4474","Online job site (other than Indeed)","Yes",7.0057407407435
443,2017-03-14 00:28:16,"B6415","Personal referral","Yes",7.01962962963515
444,2017-03-14 00:42:17,"C1031","Indeed.com","Yes",7.02937499999724
445,2017-03-14 00:44:50,"N7424","Indeed.com","Yes",7.03113425926202
446,2017-03-14 01:12:09,"S0461","Indeed.com","Yes",7.05010416667219
447,2017-03-14 01:41:53,"M1536","Social media (e.g. Facebook or Twitter)","Yes",7.07076388888613
448,2017-03-14 01:44:23,"V4966","Tesoro employee","Yes",7.07248842592593
449,2017-03-14 01:56:05,"K4528","Indeed.com","Yes",7.08061342592593
450,2017-03-14 02:05:57,"S0985","Personal referral","Yes",7.08746527777778
451,2017-03-14 03:12:31,"S8801","Tesoro website or mailing","Yes",7.13369212963239
452,2017-03-14 03:21:15,"F4491","Personal referral","Yes",7.13975694444444
453,2017-03-14 09:27:43,NA,"Don't remember","No",7.3942592592565
454,2017-03-14 10:11:17,"M5022","Tesoro website or mailing","Yes",7.42451388888613
455,2017-03-14 12:35:49,"D1782","Social media (e.g. Facebook or Twitter)","Yes",7.52487268518519
456,2017-03-14 12:55:39,"S5901","Tesoro website or mailing","Yes",7.53864583333885
457,2017-03-14 13:18:44,"K2056","Indeed.com","Yes",7.55467592593144
458,2017-03-14 13:51:13,"S3692","I am currently an employee or contractor at Tesoro","Yes",7.57723379629906
459,2017-03-14 13:52:29,"B1009","Personal referral","Yes",7.57811342593144
460,2017-03-14 14:00:48,"K0805","Indeed.com","Yes",7.58388888888889
461,2017-03-14 14:14:41,"L6085","Indeed.com","Yes",7.59354166666115
462,2017-03-14 14:29:32,"S5042","Online job site (other than Indeed)","Yes",7.60384259259535
463,2017-03-14 14:38:49,"G7081","Personal referral","Yes",7.61030092592317
464,2017-03-14 16:13:58,"B0488","Indeed.com","Yes",7.67637731481206
465,2017-03-14 16:15:53,NA,"Personal referral","No",7.67770833332781
466,2017-03-14 16:17:16,"D3863","Tesoro website or mailing","Yes",7.67865740740741
467,2017-03-14 16:21:35,"B6775","Indeed.com","Yes",7.68165509259535
468,2017-03-14 16:38:06,"D1185","Newspaper ad","Yes",7.69312500000552
469,2017-03-14 16:47:17,"S0855","Tesoro employee","Yes",7.69950231482033
470,2017-03-14 17:20:28,NA,"Social media (e.g. Facebook or Twitter)","No",7.72255787036485
471,2017-03-14 17:31:59,NA,"I am currently an employee or contractor at Tesoro","No",7.73055555555004
472,2017-03-14 17:32:45,NA,"I am currently an employee or contractor at Tesoro","No",7.73107638888889
473,2017-03-14 17:52:24,"M9535","Personal referral","Yes",7.74473379629354
474,2017-03-14 17:52:52,"A6981","Personal referral","Yes",7.7450462962963
475,2017-03-14 18:02:42,"N6155","Indeed.com","Yes",7.75187500000276
476,2017-03-14 18:05:40,"D5532","Indeed.com","Yes",7.7539467592565
477,2017-03-14 18:08:23,"S1101","Tesoro employee","Yes",7.75583333332781
478,2017-03-14 18:21:13,"S2726","Tesoro website or mailing","Yes",7.76473379629906
479,2017-03-14 18:29:00,"C0762","Personal referral","Yes",7.77013888888889
480,2017-03-14 18:30:56,"L0858","Tesoro website or mailing","Yes",7.7714930555528
481,2017-03-14 18:33:21,"G7225","Tesoro employee","Yes",7.77315972222222
482,2017-03-14 18:34:01,"K8463","Tesoro employee","Yes",7.77362268518519
483,2017-03-14 18:34:15,"H0762","Personal referral","Yes",7.77378472222222
484,2017-03-14 19:41:00,"B7264","Social media (e.g. Facebook or Twitter)","Yes",7.8201504629602
485,2017-03-14 19:42:04,"W4325","Social media (e.g. Facebook or Twitter)","Yes",7.82087962963239
486,2017-03-14 20:09:16,"M7059","Indeed.com","Yes",7.83976851851852
487,2017-03-14 20:09:45,NA,"Indeed.com","No",7.84010416666667
488,2017-03-14 20:48:06,"A8096","I am currently an employee or contractor at Tesoro","Yes",7.86673611111387
489,2017-03-14 21:08:34,"W6602","Tesoro employee","Yes",7.88094907407407
490,2017-03-14 21:15:12,"C5066","Personal referral","Yes",7.88555555555556
491,2017-03-14 21:33:00,"F8841","Indeed.com","Yes",7.89791666666943
492,2017-03-14 21:50:42,"B5270","Tesoro website or mailing","Yes",7.91020833333333
493,2017-03-14 22:05:54,"W5640","Social media (e.g. Facebook or Twitter)","Yes",7.92076388889165
494,2017-03-14 22:38:09,"W7470","Personal referral","Yes",7.94315972222222
495,2017-03-14 22:40:46,"O2282","Tesoro website or mailing","Yes",7.94497685185461
496,2017-03-14 22:46:39,"P3312","Tesoro website or mailing","Yes",7.94906250000276
497,2017-03-14 22:46:52,"H9207","Personal referral","Yes",7.94922453703428
498,2017-03-14 22:56:29,"A7761","I am currently an employee or contractor at Tesoro","Yes",7.9558912037037
499,2017-03-14 23:03:03,NA,"Indeed.com","No",7.9604629629602
500,2017-03-14 23:16:51,"S3959","Indeed.com","Yes",7.97003472222498
501,2017-03-14 23:17:15,"H9880","Tesoro website or mailing","Yes",7.97031250000276
502,2017-03-14 23:28:19,"B2847","Indeed.com","Yes",7.9780092592565
503,2017-03-14 23:32:38,"K4667","Newspaper ad","Yes",7.98100694444168
504,2017-03-14 23:33:50,"M2302","Indeed.com","Yes",7.98182870370646
505,2017-03-14 23:36:36,"T4891","Indeed.com","Yes",7.98376157406855
506,2017-03-14 23:41:32,"L4300","Indeed.com","Yes",7.98717592592593
507,2017-03-15 00:21:51,"R5299","Indeed.com","Yes",8.01517361111387
508,2017-03-15 00:36:14,"S8624","Newspaper ad","Yes",8.0251620370398
509,2017-03-15 01:05:32,"M2743","Personal referral","Yes",8.04552083333057
510,2017-03-15 01:38:32,"R8726","Job training program","Yes",8.06843749999724
511,2017-03-15 01:41:49,"O6187","Indeed.com","Yes",8.07070601852404
512,2017-03-15 01:43:46,NA,"Personal referral","No",8.07206018518518
513,2017-03-15 02:23:13,"P4580","Personal referral","Yes",8.09945601852128
514,2017-03-15 02:56:26,"M8189","Indeed.com","Yes",8.12252314815091
515,2017-03-15 03:26:34,"L9091","Indeed.com","Yes",8.14344907407959
516,2017-03-15 03:27:45,"G0615","Tesoro employee","Yes",8.14428240740465
517,2017-03-15 03:33:58,"H2476","I am currently an employee or contractor at Tesoro","Yes",8.14858796296296
518,2017-03-15 03:57:12,NA,"Indeed.com","No",8.16473379629354
519,2017-03-15 04:52:39,"D7272","Tesoro employee","Yes",8.20322916666943
521,2017-03-15 05:36:58,"H3262","Tesoro website or mailing","Yes",8.23401620370094
522,2017-03-15 08:27:01,"S4392","Indeed.com","Yes",8.35209490740741
523,2017-03-15 09:17:50,"R8557","Online job site (other than Indeed)","Yes",8.38738425925926
524,2017-03-15 09:30:08,"J2755","Tesoro employee","Yes",8.39592592592868
525,2017-03-15 10:29:37,"J1451","I am currently an employee or contractor at Tesoro","Yes",8.43723379629906
526,2017-03-15 11:27:02,NA,"Online job site (other than Indeed)","No",8.47710648148424
527,2017-03-15 12:26:19,"R2578","Personal referral","Yes",8.51827546296296
528,2017-03-15 13:06:01,"S9356","Personal referral","Yes",8.54584490740741
529,2017-03-15 13:13:47,"M1230","Indeed.com","Yes",8.55123842592593
530,2017-03-15 13:24:06,"L2285","Indeed.com","Yes",8.55840277778054
531,2017-03-15 13:53:59,"T4898","Online job site (other than Indeed)","Yes",8.57915509259259
532,2017-03-15 13:59:08,"S0839","Indeed.com","Yes",8.58274305555004
533,2017-03-15 14:22:26,"B6741","Recruiting organization","Yes",8.59891203703704
534,2017-03-15 14:42:10,"M5358","Personal referral","Yes",8.61261574074074
535,2017-03-15 14:56:20,"J3503","Indeed.com","Yes",8.62246527777502
536,2017-03-15 15:00:25,"R7067","Tesoro employee","Yes",8.62530092592317
537,2017-03-15 15:16:24,"O5405","Job training program","Yes",8.63640046295744
538,2017-03-15 15:42:56,"T6081","Online job site (other than Indeed)","Yes",8.65482638888337
539,2017-03-15 15:48:03,"M4805","Tesoro employee","Yes",8.65836805555556
540,2017-03-15 16:01:07,"B7424","Indeed.com","Yes",8.66744212963515
541,2017-03-15 16:09:53,NA,"Online job site (other than Indeed)","No",8.67354166666391
542,2017-03-15 16:38:10,"H4488","Personal referral","Yes",8.69317129629906
543,2017-03-15 17:57:35,"T2015","Indeed.com","Yes",8.74832175925926
544,2017-03-15 18:08:59,"O5023","Tesoro employee","Yes",8.75624999999724
545,2017-03-15 18:40:48,"A8931","Indeed.com","Yes",8.77834490740465
546,2017-03-15 19:00:23,"W8227","Online job site (other than Indeed)","Yes",8.79193287037313
547,2017-03-15 19:33:55,"E1321","Tesoro website or mailing","Yes",8.81521990741017
548,2017-03-15 20:00:36,"E0628","Indeed.com","Yes",8.83375000000552
549,2017-03-15 20:20:46,"K2732","Tesoro website or mailing","Yes",8.84775462963515
550,2017-03-15 20:45:37,"H6684","Tesoro website or mailing","Yes",8.86501157407407
551,2017-03-15 20:57:32,NA,"Tesoro website or mailing","No",8.87328703703704
552,2017-03-15 21:03:58,"D0366","Tesoro website or mailing","Yes",8.87775462963239
553,2017-03-15 21:04:36,"B2712","Social media (e.g. Facebook or Twitter)","Yes",8.87819444444996
554,2017-03-15 21:31:49,"W3452","Indeed.com","Yes",8.89709490740741
555,2017-03-15 21:33:38,"G6497","I am currently an employee or contractor at Tesoro","Yes",8.8983680555528
556,2017-03-15 21:55:56,"R4367","Indeed.com","Yes",8.91385416666115
557,2017-03-15 22:44:35,"G2138","Tesoro employee","Yes",8.94763888888613
558,2017-03-15 23:39:56,"M9898","Tesoro employee","Yes",8.98607638888613
559,2017-03-15 23:46:08,"J9530","Job training program","Yes",8.99037037037589
560,2017-03-15 23:57:49,"S0332","Tesoro employee","Yes",8.99848379629906
561,2017-03-16 00:10:52,"F9691","Indeed.com","Yes",9.00754629629906
562,2017-03-16 00:21:19,"C9427","Indeed.com","Yes",9.01480324074626
563,2017-03-16 01:16:31,"L0449","Personal referral","Yes",9.05314814814539
564,2017-03-16 01:40:59,"H6963","Personal referral","Yes",9.07013888888337
565,2017-03-16 02:17:01,"K3670","Tesoro website or mailing","Yes",9.09515046296296
566,2017-03-16 03:24:12,"T4949","Personal referral","Yes",9.14180555555556
567,2017-03-16 04:32:04,"G3726","I am currently an employee or contractor at Tesoro","Yes",9.1889467592565
568,2017-03-16 06:05:02,"G4839","Indeed.com","Yes",9.25350694444169
569,2017-03-16 08:18:07,"D4355","Personal referral","Yes",9.34591435185461
570,2017-03-16 11:02:38,"M1928","Personal referral","Yes",9.46016203703704
572,2017-03-16 11:32:02,"K5428","Personal referral","Yes",9.48059027777226
573,2017-03-16 11:55:06,"S8341","Indeed.com","Yes",9.49659722222774
574,2017-03-16 12:05:08,NA,"Tesoro website or mailing","No",9.50356481481757
576,2017-03-16 12:48:36,NA,"Indeed.com","No",9.53376157407132
577,2017-03-16 14:35:02,NA,"Indeed.com","No",9.60766203703704
578,2017-03-16 14:37:49,"W1890","Online job site (other than Indeed)","Yes",9.60960648147872
579,2017-03-16 15:26:34,"K2920","Tesoro employee","Yes",9.64344907407959
580,2017-03-16 15:36:39,NA,"Personal referral","No",9.65045138889441
581,2017-03-16 15:40:20,NA,"Personal referral","No",9.65302083332781
582,2017-03-16 15:46:40,"H7531","Tesoro employee","Yes",9.65740740740741
583,2017-03-16 16:27:32,"P1912","Tesoro website or mailing","Yes",9.68578703703704
584,2017-03-16 16:27:36,"B8577","Indeed.com","Yes",9.68583333333609
585,2017-03-16 17:04:19,"A9041","Tesoro employee","Yes",9.71133101852404
586,2017-03-16 17:12:19,"M0431","Indeed.com","Yes",9.71688657407407
587,2017-03-16 17:39:44,"T6493","Tesoro website or mailing","Yes",9.73592592592593
588,2017-03-16 17:40:03,"P7949","Personal referral","Yes",9.73614583333333
589,2017-03-16 18:12:56,"J0317","Tesoro employee","Yes",9.75898148148424
590,2017-03-16 18:30:50,"L0323","Personal referral","Yes",9.77141203703704
591,2017-03-16 18:33:35,NA,"Indeed.com","No",9.77332175926202
592,2017-03-16 19:37:28,"S1053","Tesoro website or mailing","Yes",9.8176851851907
593,2017-03-16 19:52:00,"H7750","Indeed.com","Yes",9.82777777777778
594,2017-03-16 20:05:35,"H2456","Indeed.com","Yes",9.83721064814815
595,2017-03-16 20:24:19,"N4691","Indeed.com","Yes",9.85021990740741
596,2017-03-16 20:36:04,"P5104","Personal referral","Yes",9.85839120369818
597,2017-03-16 21:39:41,"H8344","Tesoro employee","Yes",9.90255787037313
598,2017-03-16 21:55:33,"J5900","Tesoro website or mailing","Yes",9.91357638889165
599,2017-03-16 22:37:34,"B6281","Indeed.com","Yes",9.94275462962963
600,2017-03-16 23:04:35,"V4670","Newspaper ad","Yes",9.96151620370922
601,2017-03-16 23:47:37,"B3571","Personal referral","Yes",9.99140046296848
603,2017-03-17 00:33:51,"F6922","Social media (e.g. Facebook or Twitter)","Yes",10.0235185185158
605,2017-03-17 00:52:35,"B4051","Tesoro employee","Yes",10.0365162037065
606,2017-03-17 00:52:59,"P1690","Indeed.com","Yes",10.0367939814815
607,2017-03-17 01:09:10,"L7516","Personal referral","Yes",10.0480324074074
608,2017-03-17 01:23:25,"R1820","Indeed.com","Yes",10.0579398148121
609,2017-03-17 01:37:24,"O2746","Indeed.com","Yes",10.0676388888889
610,2017-03-17 01:50:41,"J1331","Personal referral","Yes",10.0768634259287
611,2017-03-17 01:52:46,"E0975","Tesoro employee","Yes",10.0783217592537
612,2017-03-17 02:20:37,"T9831","Personal referral","Yes",10.0976504629657
613,2017-03-17 02:25:11,"S6435","Tesoro website or mailing","Yes",10.1008333333306
614,2017-03-17 02:53:54,"T7467","Tesoro website or mailing","Yes",10.1207638888889
615,2017-03-17 03:13:56,"D9305","Indeed.com","Yes",10.1346759259259
616,2017-03-17 06:42:46,"S2745","Indeed.com","Yes",10.2797106481454
617,2017-03-17 07:21:53,"M9160","Online job site (other than Indeed)","Yes",10.3068634259259
618,2017-03-17 09:21:15,"J8026","Personal referral","Yes",10.3897569444444
619,2017-03-17 10:30:28,"H0581","I am currently an employee or contractor at Tesoro","Yes",10.4378356481454
620,2017-03-17 10:58:00,"B9776","Personal referral","Yes",10.45694444445
621,2017-03-17 11:13:48,"D5234","Indeed.com","Yes",10.4679166666694
622,2017-03-17 11:52:40,"I4985","Indeed.com","Yes",10.4949074074102
623,2017-03-17 11:54:50,NA,"Job training program","No",10.4964120370426
624,2017-03-17 12:28:58,"B8578","Job training program","Yes",10.5201157407435
625,2017-03-17 12:48:01,"G9144","Personal referral","Yes",10.5333449074102
626,2017-03-17 13:29:45,"H6161","Personal referral","Yes",10.5623379629602
627,2017-03-17 13:46:49,"L6931","Indeed.com","Yes",10.5741782407435
628,2017-03-17 15:00:53,"L7055","Indeed.com","Yes",10.6256134259314
629,2017-03-17 15:01:21,"R0674","Personal referral","Yes",10.6259375
630,2017-03-17 15:08:31,"M7266","Indeed.com","Yes",10.6309143518519
631,2017-03-17 16:26:45,NA,"Tesoro employee","No",10.6852430555583
632,2017-03-17 16:52:46,"C0990","Social media (e.g. Facebook or Twitter)","Yes",10.7033101851852
633,2017-03-17 17:09:41,"H4590","Tesoro website or mailing","Yes",10.7150578703731
634,2017-03-17 17:16:00,"O0649","Tesoro employee","Yes",10.7194444444472
635,2017-03-17 17:43:36,"E7219","Tesoro website or mailing","Yes",10.7386111111111
636,2017-03-17 18:08:02,"N5323","Tesoro employee","Yes",10.7555787037065
637,2017-03-17 18:23:46,"P8722","Indeed.com","Yes",10.7665162037009
638,2017-03-17 18:34:42,"W7019","Indeed.com","Yes",10.774097222225
639,2017-03-17 18:39:51,"J3695","I am currently an employee or contractor at Tesoro","Yes",10.7776736111111
640,2017-03-17 19:00:58,"H3955","Online job site (other than Indeed)","Yes",10.7923379629657
641,2017-03-17 19:55:25,"C6092","Indeed.com","Yes",10.830150462963
642,2017-03-17 20:06:43,"V3546","Tesoro website or mailing","Yes",10.8379976851852
643,2017-03-17 20:51:27,"P9238","Online job site (other than Indeed)","Yes",10.8690740740713
644,2017-03-17 21:02:25,"F8108","Indeed.com","Yes",10.8766782407407
645,2017-03-17 21:12:14,"J1970","Personal referral","Yes",10.8834953703704
646,2017-03-17 21:17:10,"J9667","Tesoro employee","Yes",10.8869212962963
647,2017-03-17 21:18:52,"F4241","Indeed.com","Yes",10.8881018518519
648,2017-03-17 22:22:18,NA,"Indeed.com","No",10.9321527777805
649,2017-03-17 22:47:07,"S6177","Tesoro website or mailing","Yes",10.9493865740741
650,2017-03-17 22:47:49,"F6420","Indeed.com","Yes",10.9498726851879
651,2017-03-17 23:09:06,"P8814","Personal referral","Yes",10.9646643518491
652,2017-03-18 00:57:50,"M9331","Indeed.com","Yes",11.0401736111084
653,2017-03-18 01:38:54,"H5231","Tesoro website or mailing","Yes",11.0686805555611
654,2017-03-18 01:41:35,"M0852","Indeed.com","Yes",11.0705555555528
655,2017-03-18 02:05:52,"H0464","Indeed.com","Yes",11.0874074074102
656,2017-03-18 04:52:04,"F4691","Indeed.com","Yes",11.2028240740768
657,2017-03-18 05:25:43,"C5986","Tesoro employee","Yes",11.2261921296296
658,2017-03-18 06:45:25,NA,"Indeed.com","No",11.2815393518546
659,2017-03-18 07:05:35,"W8480","Indeed.com","Yes",11.2955555555528
660,2017-03-18 11:09:51,"E2877","Tesoro website or mailing","Yes",11.4651736111111
661,2017-03-18 11:49:51,"T5211","Tesoro employee","Yes",11.4929513888916
662,2017-03-18 13:16:43,NA,"Tesoro employee","No",11.5532754629685
663,2017-03-18 13:35:01,"P0070","Tesoro employee","Yes",11.5659837962963
664,2017-03-18 13:44:32,"C6232","Indeed.com","Yes",11.5726041666639
665,2017-03-18 13:50:13,"R2317","Tesoro website or mailing","Yes",11.5765509259204
666,2017-03-18 14:22:19,"H3893","Tesoro employee","Yes",11.5988425925898
667,2017-03-18 15:16:52,"W0516","Newspaper ad","Yes",11.6367129629657
668,2017-03-18 15:55:17,"B7128","Tesoro website or mailing","Yes",11.663402777775
669,2017-03-18 16:00:26,"P9863","Indeed.com","Yes",11.6669791666639
670,2017-03-18 16:28:02,NA,"Indeed.com","No",11.6861342592593
671,2017-03-18 16:33:35,"M2480","Tesoro employee","Yes",11.6899884259259
672,2017-03-18 16:33:35,"B9476","Indeed.com","Yes",11.6899884259259
673,2017-03-18 16:40:40,NA,"Indeed.com","No",11.6949074074074
675,2017-03-18 17:07:53,"S7799","Indeed.com","Yes",11.7138078703731
676,2017-03-18 17:20:25,"H3956","Tesoro employee","Yes",11.7225115740741
677,2017-03-18 17:21:30,"B4156","Personal referral","Yes",11.7232638888889
678,2017-03-18 17:37:29,"B8699","Tesoro employee","Yes",11.7343634259314
679,2017-03-18 17:38:49,"O6537","Indeed.com","Yes",11.7353009259232
680,2017-03-18 18:00:06,"B8314","Indeed.com","Yes",11.7500810185158
681,2017-03-18 18:05:05,"G9635","Tesoro employee","Yes",11.7535416666639
683,2017-03-18 18:14:21,"Z5971","Tesoro website or mailing","Yes",11.7599652777778
684,2017-03-18 18:32:31,"S0488","Indeed.com","Yes",11.7725810185213
685,2017-03-18 19:13:42,NA,"Tesoro website or mailing","No",11.8011805555583
686,2017-03-18 19:23:28,"I0206","Social media (e.g. Facebook or Twitter)","Yes",11.8079629629657
688,2017-03-18 19:34:39,"F3416","Tesoro website or mailing","Yes",11.8157291666722
689,2017-03-18 19:38:50,"P0211","Personal referral","Yes",11.8186342592593
690,2017-03-18 20:19:27,"H7626","Tesoro website or mailing","Yes",11.8468402777805
691,2017-03-18 20:34:27,"F5813","Tesoro employee","Yes",11.8572569444444
692,2017-03-18 21:01:35,"S4501","Tesoro website or mailing","Yes",11.8761111111084
693,2017-03-18 21:41:47,"H2177","Personal referral","Yes",11.9040162037065
694,2017-03-18 22:40:14,"P3138","Social media (e.g. Facebook or Twitter)","Yes",11.9446180555528
695,2017-03-18 23:44:36,"H0092","Tesoro website or mailing","Yes",11.9893055555583
696,2017-03-18 23:46:05,"D8425","Tesoro employee","Yes",11.9903356481509
697,2017-03-18 23:47:47,"C9291","Indeed.com","Yes",11.991527777775
698,2017-03-18 23:49:04,"M8652","Tesoro website or mailing","Yes",11.9924074074074
699,2017-03-18 23:51:53,"C1504","Tesoro website or mailing","Yes",11.9943749999945
700,2017-03-19 00:03:11,"B8626","Indeed.com","Yes",12.0022222222167
701,2017-03-19 00:04:46,"R2285","Tesoro employee","Yes",12.0033217592565
702,2017-03-19 00:16:40,"H8852","Tesoro website or mailing","Yes",12.0115740740741
703,2017-03-19 00:17:55,"N9901","Tesoro website or mailing","Yes",12.0124421296352
704,2017-03-19 00:31:47,NA,"Indeed.com","No",12.0220717592593
705,2017-03-19 00:45:09,"W0070","Indeed.com","Yes",12.0313541666694
706,2017-03-19 01:05:32,"D2950","Indeed.com","Yes",12.0455208333306
707,2017-03-19 01:20:33,"O8903","Personal referral","Yes",12.0559490740713
708,2017-03-19 01:38:55,"G3921","Job training program","Yes",12.0687037036982
710,2017-03-19 03:09:07,"M8141","Personal referral","Yes",12.1313425925898
711,2017-03-19 03:59:00,NA,"Indeed.com","No",12.1659837962935
712,2017-03-19 04:12:58,"L3767","Indeed.com","Yes",12.1756712962963
713,2017-03-19 11:34:27,"R7746","Online job site (other than Indeed)","Yes",12.4822569444444
714,2017-03-19 12:05:47,"J3494","Personal referral","Yes",12.5040277777723
715,2017-03-19 12:28:09,"M6096","Indeed.com","Yes",12.5195486111111
716,2017-03-19 12:28:42,"A4511","Tesoro website or mailing","Yes",12.5199305555583
717,2017-03-19 13:15:26,"M1960","I am currently an employee or contractor at Tesoro","Yes",12.5523842592593
718,2017-03-19 13:41:21,"S3401","Tesoro employee","Yes",12.5703935185158
719,2017-03-19 14:13:21,"F2632","Tesoro website or mailing","Yes",12.5926041666667
720,2017-03-19 14:57:56,"J3494","Indeed.com","Yes",12.6235763888834
721,2017-03-19 15:13:51,"B3848","Tesoro employee","Yes",12.6346296296241
722,2017-03-19 15:26:35,"S3331","Newspaper ad","Yes",12.6434722222195
723,2017-03-19 15:31:49,"H3369","Tesoro employee","Yes",12.6470949074074
724,2017-03-19 15:35:31,"F5464","Indeed.com","Yes",12.6496759259232
725,2017-03-19 16:17:20,"J1812","Tesoro website or mailing","Yes",12.678715277775
726,2017-03-19 16:32:29,"T5940","Indeed.com","Yes",12.6892361111084
727,2017-03-19 17:32:10,"H9156","Indeed.com","Yes",12.7306712962963
728,2017-03-19 17:35:45,NA,"Indeed.com","No",12.7331597222222
729,2017-03-19 17:36:42,"R8415","Tesoro website or mailing","Yes",12.7338310185158
730,2017-03-19 17:39:53,NA,"Indeed.com","No",12.7360300925926
731,2017-03-19 17:57:59,"K5067","Indeed.com","Yes",12.7486111111056
732,2017-03-19 18:12:41,"B4608","Personal referral","Yes",12.7588194444389
733,2017-03-19 19:09:51,"H0940","Personal referral","Yes",12.7985185185158
734,2017-03-19 20:06:08,"A7205","Tesoro website or mailing","Yes",12.8375925925926
735,2017-03-19 20:36:10,"S1162","Tesoro website or mailing","Yes",12.8584606481454
736,2017-03-19 20:46:44,"J8427","Tesoro employee","Yes",12.8657986111056
737,2017-03-19 20:48:30,"C3304","Indeed.com","Yes",12.8670254629602
738,2017-03-19 20:49:19,"O1751","Personal referral","Yes",12.867581018524
739,2017-03-19 20:53:06,"T3879","Indeed.com","Yes",12.8702083333333
740,2017-03-19 21:20:16,NA,"Tesoro employee","No",12.8890856481454
741,2017-03-19 21:48:26,"P5133","Tesoro employee","Yes",12.9086342592648
742,2017-03-19 22:21:39,"F4528","Tesoro employee","Yes",12.9317013888944
743,2017-03-19 22:52:46,"E1698","Tesoro employee","Yes",12.9533101851852
744,2017-03-19 22:55:41,"K8913","Tesoro website or mailing","Yes",12.9553356481481
745,2017-03-19 23:00:32,"S2476","Indeed.com","Yes",12.9587037037065
746,2017-03-19 23:20:56,"J8990","Personal referral","Yes",12.9728819444417
747,2017-03-20 00:23:00,"P9616","Indeed.com","Yes",13.0159722222222
748,2017-03-20 00:32:25,"W0713","Indeed.com","Yes",13.0225115740768
749,2017-03-20 00:40:08,"B2993","Indeed.com","Yes",13.0278819444417
750,2017-03-20 01:02:18,"R4279","Tesoro website or mailing","Yes",13.0432754629574
751,2017-03-20 01:02:29,"H0455","Tesoro employee","Yes",13.0433912037037
752,2017-03-20 01:04:25,"K5019","Personal referral","Yes",13.0447337962991
753,2017-03-20 01:15:59,"P5202","Indeed.com","Yes",13.0527662037065
755,2017-03-20 01:30:28,"C1889","Social media (e.g. Facebook or Twitter)","Yes",13.0628356481454
756,2017-03-20 01:35:44,"E8518","Indeed.com","Yes",13.06649305555
757,2017-03-20 01:36:22,"F6685","Tesoro website or mailing","Yes",13.0669212962963
758,2017-03-20 01:42:52,"K1320","Tesoro website or mailing","Yes",13.0714351851852
759,2017-03-20 01:58:51,NA,"Indeed.com","No",13.0825347222277
760,2017-03-20 02:13:13,NA,"Tesoro website or mailing","No",13.0925115740768
761,2017-03-20 02:29:35,"M0116","Indeed.com","Yes",13.1038888888861
762,2017-03-20 03:19:44,"I6933","Indeed.com","Yes",13.138715277775
763,2017-03-20 04:00:36,"B1925","Tesoro employee","Yes",13.1670833333333
764,2017-03-20 04:16:56,"Z0898","Indeed.com","Yes",13.1784259259287
765,2017-03-20 07:16:34,"E6933","Tesoro website or mailing","Yes",13.3031828703676
766,2017-03-20 08:01:25,"S1750","Indeed.com","Yes",13.3343171296296
767,2017-03-20 09:04:13,"S2231","Personal referral","Yes",13.3779282407407
768,2017-03-20 09:41:36,"I2921","Newspaper ad","Yes",13.4039004629602
769,2017-03-20 11:16:03,"F3164","Indeed.com","Yes",13.469490740738
770,2017-03-20 11:20:53,"D2656","Social media (e.g. Facebook or Twitter)","Yes",13.4728356481509
771,2017-03-20 11:28:46,"W7976","Indeed.com","Yes",13.4783101851852
772,2017-03-20 12:16:26,"R8733","Indeed.com","Yes",13.5114120370426
773,2017-03-20 12:26:35,"O6302","Personal referral","Yes",13.5184606481481
774,2017-03-20 12:26:54,"J3473","Tesoro website or mailing","Yes",13.5186921296269
775,2017-03-20 13:25:34,"H2699","Tesoro website or mailing","Yes",13.5594212962963
776,2017-03-20 13:45:48,"D1884","Personal referral","Yes",13.573472222225
777,2017-03-20 13:50:38,"R0134","Tesoro website or mailing","Yes",13.5768287037065
778,2017-03-20 14:17:23,"C8043","Indeed.com","Yes",13.5954166666639
779,2017-03-20 14:19:59,"C2649","Personal referral","Yes",13.5972106481481
780,2017-03-20 14:21:53,"O5228","Indeed.com","Yes",13.5985300925981
781,2017-03-20 14:30:06,"A1604","I am currently an employee or contractor at Tesoro","Yes",13.6042361111111
782,2017-03-20 14:32:02,"K4461","Tesoro website or mailing","Yes",13.6055902777723
783,2017-03-20 14:49:17,"G6833","Indeed.com","Yes",13.6175578703704
784,2017-03-20 15:06:19,"B2556","Personal referral","Yes",13.6293865740741
785,2017-03-20 15:07:26,"M5174","Tesoro employee","Yes",13.630162037037
786,2017-03-20 15:07:51,"H5830","Tesoro website or mailing","Yes",13.6304513888889
787,2017-03-20 15:09:11,"O9305","Indeed.com","Yes",13.6313888888834
788,2017-03-20 15:41:11,"H0008","Personal referral","Yes",13.653599537037
789,2017-03-20 16:07:27,"L8916","Indeed.com","Yes",13.6718518518463
790,2017-03-20 16:10:53,"B3596","Personal referral","Yes",13.6742245370398
791,2017-03-20 16:29:12,"C1453","I am currently an employee or contractor at Tesoro","Yes",13.6869444444444
792,2017-03-20 16:38:57,"B0399","Tesoro website or mailing","Yes",13.6937152777833
793,2017-03-20 16:48:21,"S3696","Indeed.com","Yes",13.7002546296269
794,2017-03-20 16:55:38,"P7227","Indeed.com","Yes",13.7053124999945
795,2017-03-20 17:19:36,"S4776","I am currently an employee or contractor at Tesoro","Yes",13.72194444445
796,2017-03-20 17:21:38,"G3395","Tesoro employee","Yes",13.7233564814815
797,2017-03-20 17:23:07,"F8533","Tesoro website or mailing","Yes",13.7243981481454
798,2017-03-20 18:09:30,"R2761","Social media (e.g. Facebook or Twitter)","Yes",13.7566087962908
799,2017-03-20 18:17:52,"A5013","Tesoro website or mailing","Yes",13.7624074074129
800,2017-03-20 18:24:59,"W9836","I am currently an employee or contractor at Tesoro","Yes",13.7673495370398
801,2017-03-20 18:27:32,"W0638","Indeed.com","Yes",13.7691203703731
802,2017-03-20 18:42:33,NA,"Personal referral","No",13.7795601851824
803,2017-03-20 19:27:55,NA,"Indeed.com","No",13.8110532407435
804,2017-03-20 19:55:14,"N3544","Personal referral","Yes",13.8300231481481
805,2017-03-20 20:06:59,"C0906","Indeed.com","Yes",13.8381944444417
806,2017-03-20 20:11:49,"V5858","Personal referral","Yes",13.8415393518519
807,2017-03-20 20:45:01,"G3571","Social media (e.g. Facebook or Twitter)","Yes",13.8645949074129
808,2017-03-20 20:49:23,"L4409","Indeed.com","Yes",13.8676388888861
809,2017-03-20 20:54:28,"B3900","Personal referral","Yes",13.8711574074102
810,2017-03-20 21:08:07,"C4686","Newspaper ad","Yes",13.8806481481454
811,2017-03-20 21:08:24,"M8157","Online job site (other than Indeed)","Yes",13.8808449074046
812,2017-03-20 21:16:55,"C1628","Tesoro website or mailing","Yes",13.8867476851879
813,2017-03-20 21:17:10,"U0251","Personal referral","Yes",13.8869212962963
814,2017-03-20 21:31:12,"M3243","Tesoro employee","Yes",13.896678240738
815,2017-03-20 21:34:13,"L7006","Indeed.com","Yes",13.8987615740768
816,2017-03-20 21:37:09,"R4641","I am currently an employee or contractor at Tesoro","Yes",13.9007986111111
817,2017-03-20 21:37:12,"A2508","Personal referral","Yes",13.9008333333333
818,2017-03-20 21:44:57,"W5339","Tesoro employee","Yes",13.9062268518463
819,2017-03-20 21:49:53,"S6473","Personal referral","Yes",13.9096527777723
820,2017-03-20 21:51:19,"W3938","Indeed.com","Yes",13.9106365740741
821,2017-03-20 22:02:24,"A2951","Indeed.com","Yes",13.9183449074046
822,2017-03-20 22:12:10,"D4795","Tesoro website or mailing","Yes",13.9251157407407
823,2017-03-20 22:46:49,"G5201","Tesoro employee","Yes",13.9491782407435
824,2017-03-20 22:52:36,"G1913","Tesoro website or mailing","Yes",13.9532060185158
825,2017-03-20 22:52:58,"S9890","Tesoro employee","Yes",13.9534606481454
826,2017-03-20 22:57:20,"N2639","Tesoro website or mailing","Yes",13.9564814814815
827,2017-03-20 22:57:35,NA,"Personal referral","No",13.9566550925954
828,2017-03-20 22:59:43,NA,"Don't remember","No",13.9581365740741
829,2017-03-20 23:05:55,"B3627","Tesoro employee","Yes",13.9624421296324
830,2017-03-20 23:21:37,"S4336","Indeed.com","Yes",13.9733449074129
831,2017-03-20 23:29:19,"R2559","Tesoro employee","Yes",13.9787037037009
832,2017-03-20 23:29:23,"N7744","Tesoro employee","Yes",13.9787384259259
833,2017-03-20 23:33:29,"W1587","Tesoro employee","Yes",13.9815972222195
834,2017-03-20 23:36:01,"K0169","Tesoro employee","Yes",13.9833449074074
835,2017-03-20 23:36:32,"G9218","I am currently an employee or contractor at Tesoro","Yes",13.983715277775
836,2017-03-20 23:40:24,"J8854","Indeed.com","Yes",13.9863888888944
837,2017-03-20 23:42:18,"A2227","I am currently an employee or contractor at Tesoro","Yes",13.9877083333333
838,2017-03-20 23:51:33,"P2845","Personal referral","Yes",13.9941319444472
839,2017-03-20 23:57:52,"B1344","Personal referral","Yes",13.9985300925898
840,2017-03-20 23:58:39,"W2378","Indeed.com","Yes",13.9990625
841,2017-03-21 00:02:04,"B3314","Tesoro website or mailing","Yes",14.0014351851852
842,2017-03-21 00:05:18,"L9084","Tesoro website or mailing","Yes",14.0036921296269
843,2017-03-21 00:08:23,"R3810","Tesoro website or mailing","Yes",14.0058217592593
844,2017-03-21 00:23:51,"B7172","Tesoro website or mailing","Yes",14.0165625
845,2017-03-21 00:30:58,"V3290","Indeed.com","Yes",14.0215046296296
846,2017-03-21 00:39:22,"L0234","I am currently an employee or contractor at Tesoro","Yes",14.0273495370343
847,2017-03-21 00:50:33,"B6538","Personal referral","Yes",14.0351041666667
848,2017-03-21 00:55:42,"W0755","Tesoro employee","Yes",14.0386805555611
849,2017-03-21 01:00:33,NA,"Indeed.com","No",14.0420601851797
850,2017-03-21 01:06:29,"H0168","Personal referral","Yes",14.0461805555528
851,2017-03-21 01:19:35,"B2509","Personal referral","Yes",14.0552662037092
852,2017-03-21 01:22:58,"B0415","Tesoro website or mailing","Yes",14.0576157407407
853,2017-03-21 01:23:40,"S2899","I am currently an employee or contractor at Tesoro","Yes",14.0581018518574
854,2017-03-21 01:43:25,"K8108","Tesoro employee","Yes",14.0718287037009
855,2017-03-21 01:52:30,"R2617","Personal referral","Yes",14.078125
856,2017-03-21 02:04:09,"N2253","Personal referral","Yes",14.0862152777778
857,2017-03-21 02:10:34,"S8031","Online job site (other than Indeed)","Yes",14.0906712962963
858,2017-03-21 02:49:41,"L0919","I am currently an employee or contractor at Tesoro","Yes",14.1178356481481
859,2017-03-21 02:51:52,"L1465","Social media (e.g. Facebook or Twitter)","Yes",14.1193518518546
860,2017-03-21 04:35:15,"K9804","Don't remember","Yes",14.1911574074046
861,2017-03-21 05:07:24,"H6737","Tesoro employee","Yes",14.2134837962935
862,2017-03-21 08:57:05,"B6606","Personal referral","Yes",14.3729861111056
863,2017-03-21 11:17:15,"G9657","Tesoro employee","Yes",14.4703125000028
864,2017-03-21 11:29:44,"C5438","Personal referral","Yes",14.478981481487
865,2017-03-21 11:33:29,"N0181","Personal referral","Yes",14.4815972222195
866,2017-03-21 12:04:43,"H3702","Tesoro employee","Yes",14.5032754629657
867,2017-03-21 12:06:18,"S3781","Tesoro website or mailing","Yes",14.5043750000028
868,2017-03-21 12:07:45,"E4361","Personal referral","Yes",14.505393518513
869,2017-03-21 13:17:44,"L6229","Personal referral","Yes",14.5539930555528
870,2017-03-21 13:22:05,NA,"I am currently an employee or contractor at Tesoro","No",14.5570023148176
871,2017-03-21 13:44:42,"T7459","Personal referral","Yes",14.5727199074019
872,2017-03-21 13:51:31,"S7753","Tesoro employee","Yes",14.5774421296296
873,2017-03-21 13:57:19,"B0755","Indeed.com","Yes",14.5814699074102
874,2017-03-21 14:03:54,"W1839","Indeed.com","Yes",14.5860416666694
875,2017-03-21 14:18:16,"F5296","Tesoro website or mailing","Yes",14.5960185185185
876,2017-03-21 14:27:33,"H3401","Tesoro website or mailing","Yes",14.6024652777778
877,2017-03-21 14:29:13,"R3284","Indeed.com","Yes",14.6036226851852
878,2017-03-21 14:32:56,"H9681","Indeed.com","Yes",14.6062037037037
879,2017-03-21 14:47:12,"T4467","Tesoro website or mailing","Yes",14.6161111111139
880,2017-03-21 14:47:50,"I0825","Tesoro website or mailing","Yes",14.6165509259287
881,2017-03-21 14:57:14,"K4124","Personal referral","Yes",14.6230787037065
882,2017-03-21 15:15:45,"J4811","Personal referral","Yes",14.6359490740713
883,2017-03-21 15:24:27,"I9291","Tesoro website or mailing","Yes",14.6419791666694
885,2017-03-21 15:38:44,"B1183","Indeed.com","Yes",14.6519097222195
886,2017-03-21 15:57:15,"P5834","I am currently an employee or contractor at Tesoro","Yes",14.6647685185158
887,2017-03-21 16:27:27,"H6980","Tesoro employee","Yes",14.6857291666667
888,2017-03-21 16:58:10,"M4141","Indeed.com","Yes",14.7070601851879
889,2017-03-21 17:24:49,"M4885","Personal referral","Yes",14.7255787036982
890,2017-03-21 17:38:24,"B7061","Indeed.com","Yes",14.7350115740713
891,2017-03-21 17:52:45,"H4811","Indeed.com","Yes",14.7449652777805
892,2017-03-21 17:54:51,"P2865","Tesoro employee","Yes",14.7464236111111
893,2017-03-21 17:57:42,"D2522","I am currently an employee or contractor at Tesoro","Yes",14.7484027777833
894,2017-03-21 20:08:30,"F9743","Indeed.com","Yes",14.8392361111111
895,2017-03-21 20:23:01,"G4509","Tesoro employee","Yes",14.8493171296296
896,2017-03-21 20:37:58,"S9682","Tesoro employee","Yes",14.8596990740768
897,2017-03-21 22:13:36,"H9115","Personal referral","Yes",14.9261111111111
