"","lng","lat"
"1",-118.0429128,33.7276366
"2",-118.2947115,33.7382059
"3",-118.1706797,33.8522607
"4",-118.135447,33.862713
"5",-118.149748,33.905108
"6",-118.086957,33.832416
"7",-118.105489,33.814976
"8",-118.1877785,33.862356
"9",-118.051486,33.778829
"10",-118.1264857,33.8902655
"11",-118.2167041,33.901696
"12",-118.303205,33.798919
"13",-118.25587,33.882389
"14",-118.006544,33.842078
"15",NA,NA
"16",-118.2497078,33.7862368
"17",-118.269922,33.784177
"18",NA,NA
"19",-118.3268466,33.8394609
"20",-118.197762,33.884384
"21",-118.023893,33.968699
"22",-117.8560371,34.1088875
"23",-118.2082234,33.8239378
"24",-118.2518151,33.7846776
"25",-118.2603,33.792523
"26",-117.941991,33.6530796
"27",-117.8651396,33.734117
"28",-118.307269,33.714516
"29",-115.1796771,36.0358004
"30",-118.2941977,33.8661401
"31",-118.059891,33.878932
"32",-118.3912187,34.0030798
"33",-118.221933,33.829763
"34",-117.9383054,33.7407805
"35",-118.2704743,33.9072463
"36",-116.0739073,35.2675155
"37",-118.1147198,33.8770403
"38",-118.2800846,33.7972183
"39",-118.3520761,33.8403792
"40",-118.1978435,33.8662752
"41",-118.348867,33.841548
"42",-117.35043,34.48067
"43",-117.9509908,33.9325703
"44",-118.3208715,33.8036721
"45",-118.291659,33.708996
"46",-118.2008202,33.9132413
"47",-118.272238,33.782675
"48",-117.250157,33.688359
"49",-118.120705,33.8782425
"50",-118.1598199,33.7729893
"51",-118.216676,33.8068839
"52",-118.0636124,33.8400009
"53",-117.686473,34.020981
"54",-117.914485,33.91648
"55",-118.7575168,34.1521451
"56",-117.5788355,34.1045256
"57",-118.2532159,33.9518234
"58",-118.014046,33.915987
"59",-117.903741,33.64439
"60",-104.7606691,38.9198758
"61",-118.449546,34.154069
"62",-118.259809,33.8043509
"63",-118.209563,33.939078
"64",-118.151645,33.765756
"65",-118.28396,33.890714
"66",-118.16038,33.838493
"67",-117.403411,34.117525
"68",-118.152072,33.7836349
"69",-118.139748,33.8326629
"70",-118.36079,33.879632
"71",-118.1010888,33.8210194
"72",-118.294984,34.014919
"73",-118.115734,33.823616
"74",-117.947022,33.699573
"75",-118.145808,33.8488316
"76",-118.7575168,34.1521451
"77",-116.21368,33.751291
"78",-118.365881,33.809678
"79",-118.198781,34.616857
"80",-118.1310777,33.8118676
"81",-118.1038002,33.8093995
"82",-118.2746616,33.7853206
"83",-118.2714114,33.8292539
"84",-118.271575,33.781704
"85",-118.26068,33.871305
"86",-118.051102,33.985074
"87",-118.300012,33.757385
"88",-118.031671,33.933025
"89",-118.1464898,33.8885007
"90",-118.131692,33.7992739
"91",-118.359829,33.92457
"92",-117.8842801,33.6598189
"93",-118.2749176,33.7873893
"94",-117.274088,34.393808
"95",-117.944963,33.89708
"96",-118.3368616,33.8792509
"97",-118.115096,34.701707
"98",-118.2229017,33.8367652
"99",-118.2018809,33.9944036
"100",-118.1899617,33.7997482
"101",-114.4818309,34.786185
"102",-118.10296,33.814969
"103",-118.254941,33.9101227
"104",-118.2645365,33.7869871
"105",-117.6560583,34.0316908
"106",-118.3536212,33.8786544
"107",-117.259944,33.695358
"108",-118.11771,33.8077708
"109",-118.26101,33.8713399
"110",-118.32134,33.846542
"111",-97.9486852,26.2074805
"112",-118.3057392,33.8318122
"113",-117.8614429,33.7886367
"114",-117.958025,34.045469
"115",-118.3031403,33.8292246
"116",-118.0429128,33.7276366
"117",-118.223144,33.9043599
"118",-118.2954704,33.7415943
"119",-118.138434,33.7894924
"120",-118.109623,33.816546
"121",-117.398178,34.118999
"122",-118.039315,33.722026
"123",-118.2144629,33.8960163
"124",-118.2673065,33.8139181
"125",-122.257796,37.814013
"126",NA,NA
"127",-118.2683912,33.775734
"128",-117.584079,33.962863
"129",-118.537091,34.2373183
"130",-118.3274315,33.8465645
"131",-118.17351,33.836277
"132",-118.241025,33.901114
"133",-118.4670149,34.2462122
"134",-118.2674154,33.7805684
"135",-118.1858682,33.7962107
"136",-118.337088,33.869756
"137",-118.144689,33.7898105
"138",-117.9071081,33.833396
"139",-118.171242,33.911936
"140",-118.2683912,33.775734
"141",-117.8897741,33.8706447
"142",-117.3049669,33.6200147
"143",-88.3436976,41.8407415
"144",-118.1717871,33.8320791
"145",-117.306464,33.892141
"146",-117.52032,33.895925
"147",-118.236306,33.853775
"148",-118.063602,33.993909
"149",-118.1586714,33.8835709
"150",-117.6806926,33.5182954
"151",-117.650053,34.092167
"152",-118.156447,33.873601
"153",-118.2666284,33.8320538
"154",-118.2192252,33.9269799
"155",-118.320187,33.895938
"156",-118.2680315,33.8101942
"157",-118.26562,33.800332
"158",-118.3989643,33.8921414
"159",-118.1847293,33.8013156
"160",-118.3912187,34.0030798
"161",-118.2310445,33.9090112
"162",NA,NA
"163",-118.177726,33.7888779
"164",-118.2749595,33.7979807
"165",-118.2512309,33.786256
"166",-118.273402,33.78754
"167",-118.1903203,33.9792113
"168",-118.061768,33.977308
"169",-117.0252079,32.5880496
"170",-118.120207,33.829108
"171",-118.211341,33.819933
"172",-118.090543,33.868239
"173",-118.1970354,33.7712759
"174",-118.107438,34.092509
"175",-117.967941,33.899063
"176",-118.1465334,33.8451809
"177",-117.1338092,33.5009112
"178",-118.2913514,33.7412944
"179",-117.4105352,33.9560384
"180",-118.2107211,34.1026847
"181",-113.2745111,53.5448057
"182",-118.2865392,33.8120173
"183",-118.277327,33.783952
"184",-118.262509,33.803027
"185",-118.031781,33.908006
"186",-118.0136797,33.8979157
"187",-117.4572899,33.9831849
"188",-118.075426,33.827314
"189",-118.198391,33.807189
"190",-118.287739,33.837308
"191",-117.271993,33.92458
"192",-117.191559,33.5928449
"193",-118.2077792,33.9180477
"194",-118.174436,33.979293
"195",-117.907822,33.6237442
"196",-118.2640516,34.0806314
"197",-118.249164,33.786766
"198",-118.269525,33.792138
"199",-118.306296,33.887099
"200",NA,NA
"201",-118.25829,33.956262
"202",-118.147408,33.9647948
"203",-118.190021,33.83771
"204",-118.2964861,33.7404084
"205",-118.2701131,33.7824144
"206",-118.3195719,33.8164932
"207",-118.1818013,33.8008071
"208",-95.3578436,29.6532156
"209",-118.067927,33.841359
"210",-118.2769612,33.7944916
"211",-117.136591,33.578313
"212",-118.1805758,33.7792788
"213",-118.251257,33.937977
"214",-118.1349488,33.7965923
"215",-118.2405904,33.9627809
"216",-118.005747,33.916652
"217",-117.343884,33.928992
"218",-117.1655098,33.5994471
"219",-117.580256,33.898999
"220",-118.256974,33.79457
"221",-118.004032,33.808628
"222",-118.194497,33.806486
"223",-118.2038617,33.7910975
"224",-118.280495,33.789708
"225",-118.1600401,33.8551203
"226",-117.8150505,33.7528274
"227",-117.2104859,33.8672722
"228",-118.306265,33.784683
"229",-118.1463585,33.8568639
"230",-118.2779731,33.9193488
"231",-118.108341,33.803503
"232",-117.384598,33.982131
"233",-115.178143,36.0220579
"234",-118.1210269,33.8627515
"235",-118.1967724,33.7749465
"236",-118.2084718,33.8841495
"237",-118.306487,33.969678
"238",-118.285944,33.877901
"239",-118.058312,34.113559
"240",-118.302609,33.802025
"241",-118.3332134,33.9029661
"242",-118.2459175,33.7843025
"243",-117.166962,34.053139
"244",-118.0269038,33.9411899
"245",-117.669598,33.940494
"246",-117.284282,34.174786
"247",-118.270944,33.834923
"248",-117.993796,33.9087605
"249",-117.323069,33.883525
"250",-118.032892,33.853438
"251",-118.3007669,34.0162803
"252",-118.267082,33.794975
"253",-118.126529,33.757891
"254",-117.85943,34.1030459
"255",-118.2192252,33.9269799
"256",-118.2656629,33.8098898
"257",-118.159255,33.79629
"258",-118.0973106,33.9070536
"259",-118.3185592,33.8897972
"260",-118.245119,33.854349
"261",-118.1249607,33.9031193
"262",-118.1586732,33.7891702
"263",-118.012031,33.720238
"264",-118.10604,33.9340059
"265",-117.546155,33.851763
"266",-117.592155,33.867288
"267",-117.9920968,33.9187887
"268",-118.2671052,34.0352963
"269",-118.2179929,33.8155289
"270",-118.120089,33.833321
"271",-117.670537,33.607577
"272",-118.079996,33.813352
"273",-118.147502,33.864513
"274",-118.289817,33.743873
"275",-118.0744723,33.8049232
"276",-118.2186178,33.8289679
"277",-118.263423,33.807651
"278",-118.2800846,33.7972183
"279",-118.1893972,33.8536941
"280",-118.1315141,33.8109111
"281",-118.096774,33.793453
"282",-118.207353,34.0983
"283",-118.007153,33.92484
"284",-118.294884,33.722845
"285",-118.2713026,33.7728802
"286",-118.3089988,33.7914983
"287",-118.118267,33.857401
"288",-118.0153125,33.930049
"289",-118.291823,33.708996
"290",-118.0217496,33.893695
"291",-118.0917381,33.9741151
"292",-118.1733209,34.1161097
"293",-118.24854,33.792731
"294",-118.3565575,33.8820387
"295",-118.2503568,33.9500086
"296",-118.1940355,33.884206
"297",-118.225811,33.887989
"298",-117.7036033,33.6491055
"299",-118.0057318,33.8001221
"300",-118.298156,33.733989
"301",-118.01028,33.7363659
"302",-118.01028,33.7363659
"303",-118.116649,33.8717838
"304",-118.315433,33.978699
"305",-117.177508,33.898509
"306",-118.1631467,33.8884263
"307",-118.1871972,33.799811
"308",-118.177932,33.856147
"309",-118.2670435,33.7879903
"310",-118.113882,33.852061
"311",-118.2709527,33.7745743
"312",-118.24951,33.834488
"313",-118.2693623,33.9104931
"314",-118.244584,33.793309
"315",-117.186831,32.810071
"316",-117.598134,33.960097
"317",-117.32564,33.922732
"318",-117.2058902,33.7248162
"319",-118.2692214,33.8318863
"320",-118.099238,33.852826
"321",-118.009882,33.8534409
"322",-118.276963,33.7472422
"323",-117.4757241,33.9598802
"324",-118.195937,33.877064
"325",-118.2827192,33.7325672
"326",-117.266397,33.6774569
"327",-118.113484,33.87488
"328",-117.995875,33.727284
"329",-117.3433298,33.9892692
"330",-117.960306,34.03629
"331",-121.909554,37.41084
"332",-118.3314091,33.9075192
"333",-118.0158864,33.8487909
"334",-118.1751241,33.8945369
"335",-118.3995194,33.8622366
"336",-117.2262169,33.7445337
"337",-118.2623548,33.8880203
"338",-118.1914226,33.7689094
"339",-118.285602,33.878652
"340",-118.186628,33.878444
"341",-118.2784693,33.7956738
"342",-118.086784,33.923386
"343",-118.222214,33.837468
"344",-118.1760478,33.7748081
"345",-118.189453,33.859417
"346",-118.164911,34.667958
"347",-118.256602,33.850595
"348",-118.083985,33.848872
"349",-118.2969692,33.7176662
"350",-118.24039,33.891015
"351",-118.354679,33.969927
"352",-117.198035,33.835863
"353",-118.3043742,33.7542263
"354",-117.593899,33.400841
"355",-118.273943,33.796259
"356",-118.0198442,33.8202487
"357",-118.263294,33.803288
"358",-117.8199835,33.6701366
"359",-118.000742,33.849474
"360",-118.2884588,33.7351332
"361",-118.2198,33.827845
"362",-118.315977,33.8052759
"363",-117.4168565,34.4203055
"364",-118.3834164,33.8578802
"365",-117.678442,33.949883
"366",-118.3663352,33.9592039
"367",-118.1868016,33.8367856
"368",-118.1391296,33.761539
"369",-117.6155637,33.6141842
"370",-118.3004186,33.7924742
"371",NA,NA
"372",-118.197665,34.049028
"373",-118.2639541,33.8017325
"374",-117.36928,34.005017
"375",-118.1208831,33.767285
"376",-118.301157,33.895076
"377",-118.279363,33.7866813
"378",-118.2777815,33.79571
"379",-117.590458,33.847486
"380",-118.260131,33.8517269
"381",-118.3829542,33.9635152
"382",-118.314555,33.731663
"383",-118.1386833,33.8021201
"384",-118.160277,33.767791
"385",-118.243936,33.85521
"386",-117.33093,33.8998599
"387",-118.267109,33.913951
"388",-117.2021778,33.9226229
"389",-118.328872,33.86654
"390",-118.017563,33.944564
"391",-118.210278,33.881441
"392",-118.284138,33.7413636
"393",-118.300398,33.796021
"394",-118.009666,34.073218
"395",-118.123173,33.924816
"396",-118.259869,33.799646
"397",-117.166437,33.547374
"398",-117.204375,33.925649
"399",-118.2140427,33.8240458
"400",-118.3497756,33.8388865
"401",-117.805763,34.058202
"402",-118.1918782,33.8596723
"403",-117.9911563,33.6831886
"404",-117.8857184,33.8692337
"405",-118.2592692,33.7840209
"406",-118.2735697,33.7753888
"407",-117.9146,33.64758
"408",-118.1590498,33.7815418
"409",-118.1819491,33.8761318
"410",-118.160707,33.916718
"411",-118.2158157,33.817759
"412",-118.227447,33.970818
"413",-118.3630023,33.842309
"414",-118.3088004,33.7946858
"415",-118.246985,33.907549
"416",-118.113896,33.8758989
"417",-118.1528957,33.7660776
"418",-117.8150505,33.7528274
"419",-118.3107605,33.9160962
"420",-118.182667,33.78514
"421",-118.3654295,33.9516774
"422",-118.1261923,33.8991581
"423",-117.371363,34.405076
"424",-118.285986,33.733823
"425",-118.298429,33.945756
"426",-117.9874739,33.8659713
"427",-118.2608138,33.7982199
"428",-118.1835833,33.7713554
"429",-118.111825,33.8611
"430",-118.295023,33.760011
"431",-119.000729,35.3944509
"432",-118.09187,33.985933
"433",-118.130108,33.852632
"434",-118.249786,33.909936
"435",-118.3923998,34.0546953
"436",-117.6402999,34.0997585
"437",-118.101915,33.842297
"438",NA,NA
"439",-118.371303,33.848867
"440",-118.271034,33.790238
"441",-118.315386,33.927876
"442",-118.1713606,33.7726038
"443",-118.282358,33.9414511
"444",-118.2649156,33.7920378
"445",-118.068765,33.865569
"446",-117.6738416,34.0317025
"447",-118.3063155,33.8381644
"448",-118.303246,33.72275
"449",-118.102885,33.839305
"450",-118.0861726,33.9126744
"451",-158.027727,21.331168
"452",-117.898972,34.140106
"453",-117.6602416,33.8802155
"454",-117.980162,33.712037
"455",-118.3695064,34.2159526
"456",-117.221588,33.688705
"457",-118.2598047,33.9657817
"458",-118.368721,33.8702656
"459",-118.546117,34.377149
"460",-118.000313,33.739008
"461",-118.2621764,33.8115901
"462",-118.2758785,33.8360806
"463",-118.2924467,33.816774
"464",-117.176609,33.588633
"465",-118.361787,33.949931
"466",-118.194497,33.806486
"467",-118.1475397,33.7627684
"468",-117.820198,33.799245
"469",-118.240743,33.83486
"470",-118.1507641,33.8523547
"471",-118.253192,33.871011
"472",-118.264535,33.80682
"473",-117.370016,34.00748
"474",-118.26337,33.8302705
"475",-118.1967724,33.7749465
"476",-118.004528,33.823561
"477",-117.432786,34.0938019
"478",-118.218203,33.956217
"479",-118.366393,33.831517
"480",-118.2012363,33.770716
"481",-118.041745,33.932174
"482",-118.2022932,33.8730864
"483",-117.999112,33.935825
"484",-118.282818,33.8291759
"485",-118.318799,33.833351
"486",-118.26788,33.799961
"487",-118.2749174,33.8145178
"488",-118.267413,33.774113
"489",-117.564942,33.867358
"490",-118.1097166,33.8801935
"491",-117.9297878,33.6824027
"492",-118.239368,33.942822
"493",-118.1987131,34.1257423
"494",-117.9861578,33.8715513
"495",-117.189215,33.608095
"496",-118.301379,33.797377
"497",-117.202831,33.895732
"498",-118.201948,33.7964709
"499",-117.9647271,34.0851507
"500",-118.063898,33.983719
"501",-118.1517438,34.1158289
"502",-118.2827924,34.0416488
"503",-118.2581195,33.804411
"504",-118.278168,33.785706
"505",-118.3152716,33.8351803
"506",-118.304537,33.8453566
"507",-118.345269,33.920699
"508",-118.3515401,33.8815623
"509",-118.210791,33.794462
"510",-118.253708,33.95026
"511",-118.2887946,33.7294755
"512",-118.1750913,33.7751647
"513",-118.268668,33.810397
"514",NA,NA
"515",-118.3442666,33.9475766
"516",-118.1348661,33.8727999
"517",-118.2736622,33.7729664
"518",-118.070575,33.837489
"519",-118.3132085,33.9752391
"520",-118.2972965,33.7224673
"521",-117.745048,34.1138959
"522",-118.162364,33.842538
"523",-118.0698601,33.8351105
"524",-118.294882,33.723629
"525",-118.0823436,33.9293895
"526",-117.977088,33.750367
"527",-118.11344,33.843717
"528",-118.223029,33.8314359
"529",-117.294846,33.949301
"530",NA,NA
"531",-118.3059759,33.7970024
"532",-117.540136,33.971902
"533",-118.0062696,33.8861475
"534",-117.168999,33.913103
"535",-117.938486,33.84266
"536",-118.2143847,33.8856547
"537",-118.314951,33.862283
"538",-118.198781,34.616857
"539",-118.198462,33.790757
"540",-118.149662,33.849803
"541",-118.165834,33.852083
"542",-118.357823,33.859315
"543",-118.300393,33.72131
"544",-117.4231835,34.1583286
"545",-118.279995,33.787483
"546",-118.19289,33.79642
"547",-118.275947,33.79542
"548",-118.186963,33.7922036
"549",-117.254955,34.386232
"550",-118.297763,34.015119
"551",-118.3055716,33.7535109
"552",-118.2666284,33.8320538
"553",-117.796581,34.1233189
"554",-118.27162,33.778274
"555",-117.257122,33.966382
"556",-118.2965892,33.7921469
"557",-117.990876,33.763707
"558",-118.139992,33.856204
"559",-118.2461561,33.8872678
"560",-118.286482,33.74666
"561",-118.259946,33.793747
"562",-118.2721218,33.8303947
"563",-118.294261,33.982983
"564",-117.6321952,33.656563
"565",-118.349016,34.018206
"566",-117.8986899,33.8518924
"567",-118.175097,33.863573
"568",-65.629579,43.586469
"569",-114.852353,35.973503
"570",-118.277114,33.813148
"571",-118.271829,33.778511
"572",-118.1321187,33.8945034
"573",-118.123811,33.844193
"574",-118.0790317,33.9027027
"575",-118.021513,33.789647
"576",-117.947135,33.937112
"577",-118.296759,33.876159
"578",-118.319546,33.793771
"579",-118.31842,33.862792
"580",-118.215884,33.8069009
"581",-117.528148,33.84319
"582",-118.2642757,33.8234975
"583",-158.10944,21.34123
"584",-117.339306,33.916945
"585",-118.192536,33.863334
"586",-97.346836,33.256618
"587",-118.289817,33.743873
"588",-117.299492,34.464818
"589",-117.883901,33.927621
"590",-118.246687,33.7932119
"591",-117.2398677,33.9236404
"592",-118.228348,33.894683
"593",-118.1279327,33.829389
"594",-117.329286,34.077886
"595",-118.4180105,33.9175975
"596",-118.1871146,33.8890561
"597",-118.295464,33.844455
"598",-118.291621,33.818109
"599",-119.0484579,35.3665656
"600",-118.197529,33.9299
"601",-117.212086,33.893313
"602",-118.3881438,33.8490244
"603",-118.263151,33.855339
"604",-118.095491,33.79056
"605",-118.334391,33.956569
"606",-83.235152,42.10334
"607",-118.086526,33.844612
"608",-118.272428,33.8632459
"609",-118.2701131,33.7824144
"610",-117.709688,33.594507
"611",-118.2032401,33.8083344
"612",-118.3012795,33.7453365
"613",-118.0616834,33.8234518
"614",-118.2650135,33.8449376
"615",-117.8834466,33.6613344
"616",-118.2561424,33.998746
"617",-118.326335,33.812542
"618",-117.431276,33.938681
"619",-118.3101456,33.7160124
"620",-118.144635,33.942396
"621",-118.1776354,33.7660657
"622",-118.3154867,33.8073095
"623",-118.0879108,33.8408394
"624",-118.022841,33.848922
"625",-118.284518,33.7312269
"626",-117.662022,34.020459
"627",-118.1213648,33.7933888
"628",-118.1429048,33.758898
"629",-117.864129,34.009803
"630",-118.2695111,33.9640078
"631",-118.1468012,33.8541542
"632",-118.272781,33.793476
"633",-118.308398,33.78807
"634",-118.0783014,33.9217323
"635",-118.1920446,33.8459169
"636",-117.33211,34.169519
"637",-95.3000389,29.9513791
"638",-118.248127,33.781221
"639",-118.2113575,33.8127857
"640",-117.0574314,32.5804802
"641",-117.816588,34.026295
"642",-118.2932869,33.7922752
"643",-118.3080713,33.8411034
"644",-118.355417,33.859765
"645",-118.1434813,33.7813032
"646",-118.258911,33.949574
"647",-118.125896,33.897312
"648",-118.2597676,33.7922403
"649",-118.2854714,33.7431388
"650",-118.2094958,33.9048792
"651",-118.217059,33.823275
"652",-118.3027652,33.7431099
"653",-117.8692731,34.0183116
"654",-118.135222,33.7964852
"655",-118.2717024,33.9519265
"656",-118.2751004,33.9511757
"657",-118.446706,34.402158
"658",-118.174371,33.7874356
"659",-118.2462418,33.7848588
"660",-118.044908,33.9237309
"661",-118.1363375,33.9064416
"662",-117.843423,33.910662
"663",-117.708661,34.015166
"664",-118.2958344,33.7499391
"665",-118.3565252,33.8090017
"666",-117.540969,33.834176
"667",-118.2814663,33.7488007
"668",-118.2736618,33.8279133
"669",-117.1112312,33.5575515
"670",-117.041047,32.626862
"671",-118.274857,33.795352
"672",-118.1983727,33.7982909
"673",-118.1371656,33.7605844
"674",NA,NA
"675",-117.907368,33.77619
"676",-118.2211364,33.8356702
"677",-118.3116071,33.8698388
"678",-108.5812891,45.782299
"679",-118.151467,33.854869
"680",-118.3353928,33.9080286
"681",-117.907811,33.900758
"682",-118.198884,33.8150096
"683",-118.1833,33.86247
"684",-118.1334372,33.8549618
"685",-118.150766,33.787308
"686",-118.2103125,33.9103616
"687",-117.577406,33.641833
"688",-117.963292,33.944642
"689",-118.270346,33.8195939
"690",-118.068768,33.839571
"691",-118.032031,33.856042
"692",-118.296575,33.734513
"693",-118.219678,33.829251
"694",-118.3675449,33.8199982
"695",-118.362619,33.975274
"696",-118.1306604,33.8619691
"697",-117.681119,34.06743
"698",-118.2561121,33.8828078
"699",-118.2082275,33.8855116
"700",-119.08079,35.296915
"701",-118.2693623,33.9104931
"702",-117.891891,33.719347
"703",-115.085517,36.066466
"704",-118.2955957,33.7458623
"705",-118.297008,33.844008
"706",-118.357387,33.900499
"707",-118.2892467,33.9746263
"708",-118.092128,33.850913
"709",-118.898264,34.2889679
"710",-118.332734,33.983899
"711",-118.2664865,33.7835251
"712",-117.9557967,33.9290397
"713",-118.1805951,34.0259238
"714",-117.196164,33.939918
"715",-118.237645,33.847788
"716",-118.3152716,33.8351803
"717",-118.267426,33.81988
"718",-117.7499834,33.6445449
"719",-118.1798354,33.8585842
"720",-118.359496,33.8205529
"721",-118.138143,33.934694
"722",-118.058889,33.909087
"723",-117.994193,33.660803
"724",-117.56641,33.867514
"725",-118.0823148,33.9219677
"726",-118.1593524,33.7842812
"727",-118.175386,33.8762193
"728",-118.298614,33.740867
"729",-117.799593,33.690224
"730",-117.7223765,34.0983372
"731",-118.3067856,33.7882004
"732",-118.11915,33.886806
"733",-118.2368527,33.927086
"734",-118.156135,33.839456
"735",-118.156135,33.839456
"736",-118.096747,33.907822
"737",-118.287227,33.729031
"738",-118.275528,33.929343
"739",-115.02571,36.193765
"740",-117.3457244,34.1152997
"741",-117.8927229,33.9147233
"742",-118.140347,33.866696
"743",-118.142426,33.8430798
"744",-118.1268475,33.8710977
"745",-118.3590225,33.9717323
"746",-117.261031,33.93477
"747",-118.009152,33.8280389
"748",-117.31752,33.89086
"749",-118.0055444,33.7215339
"750",-118.3018329,33.7241972
"751",-118.0207324,34.5594047
"752",-117.3213171,33.5525039
"753",-118.321145,33.892966
"754",-118.118017,34.019004
"755",-117.07497,32.63555
"756",-118.2819684,33.7789116
"757",-117.946342,33.821312
"758",-118.0676292,33.9054881
"759",-118.343506,33.831511
"760",-118.302711,33.724562
"761",-118.271474,33.860204
"762",-117.476064,34.00836
"763",-118.1666816,34.0972815
"764",-118.359453,33.93914
"765",-117.8744658,33.7544341
"766",-118.256147,33.928482
"767",-94.3854648,39.0906568
"768",-118.13063,33.826106
"769",-118.2909447,34.1038615
"770",-118.316194,33.812514
"771",-118.002324,33.739023
"772",-117.80018,33.693971
"773",-118.1547575,33.8891671
"774",-118.033003,33.922598
"775",-118.08085,34.063938
"776",-118.32981,33.877468
"777",-118.3474401,33.9176974
"778",-117.480521,34.037501
"779",-117.47639,34.129335
"780",-118.259079,33.8265601
"781",-118.149914,33.7845742
"782",-118.270312,33.830999
"783",-118.280709,33.82069
"784",-118.072041,33.918881
"785",-118.3497156,33.902388
"786",-118.062549,33.8366309
"787",-118.361952,33.949648
"788",-118.2573034,33.8700637
"789",-118.0120153,33.7143641
"790",-118.201798,33.89435
"791",-118.262502,33.8901309
"792",-118.1456689,33.8511597
"793",-118.255358,33.790598
"794",-118.267398,33.816639
"795",-118.222141,33.827837
"796",-118.273691,33.791817
"797",-117.697373,34.046763
"798",-118.1812292,33.8597972
"799",-118.1527496,33.7694822
"800",-118.322406,33.897737
"801",NA,NA
"802",-117.941755,33.880614
"803",-118.157852,33.911043
"804",-118.280057,33.816436
"805",-118.190968,33.859769
"806",-118.153225,33.8953653
"807",-118.176145,33.857869
"808",-118.1527263,33.7708681
"809",-118.0831212,33.8658484
"810",-118.096984,33.818459
"811",-118.2610509,33.9961563
"812",-118.179621,33.874304
"813",-117.375097,34.4071209
"814",-118.2512903,33.848052
"815",-118.264049,34.123585
"816",-118.17906,33.894567
"817",-118.0228706,33.9214984
"818",-118.3217247,33.8470879
"819",-116.995837,33.938507
"820",-118.295369,33.803961
"821",-118.326297,33.8202363
"822",-118.308,33.829921
"823",-118.002023,33.813375
"824",-118.210372,33.823036
"825",-118.2672846,33.7826579
"826",-118.1816665,33.7681621
"827",-118.27157,33.791476
"828",-118.027378,33.820192
"829",-118.306038,33.714688
"830",-118.0918166,33.8695279
"831",-118.2985384,33.7926495
"832",-118.1937395,33.7700504
"833",-118.303579,33.836023
"834",-118.1675574,33.7768477
"835",-118.1717044,33.7775664
"836",-117.9940399,34.0361179
"837",-118.3089099,33.8302393
"838",-118.204276,34.0236
"839",-118.2185544,33.9477267
"840",-118.1607195,33.9076008
"841",-118.253235,33.892697
"842",-118.191269,33.864497
"843",-118.2201935,33.8282506
"844",-118.2703769,33.8220601
"845",-118.1950303,33.9416674
"846",-118.31842,33.862792
"847",-118.1209629,33.873488
"848",-118.2667133,33.8385161
"849",-118.266028,33.824835
"850",-118.2470817,33.8517725
"851",-117.900299,33.909435
"852",-118.272104,33.781702
"853",-117.986048,33.719587
"854",-87.313895,36.622608
"855",-118.1615492,33.8941204
"856",-118.119594,33.854107
"857",-117.9242966,33.8703596
"858",-118.246079,33.931376
"859",-117.9434149,33.7509563
"860",-118.182426,33.865334
"861",-118.2779821,33.8276237
"862",-117.3757638,34.4152864
"863",-118.254612,33.889429
"864",-118.3280891,33.9033058
"865",-118.15128,33.92613
"866",-117.887541,33.870345
"867",-118.5338069,34.2307729
"868",-117.8787612,33.8897284
"869",-118.1837162,33.7985873
"870",-118.204947,33.866867
"871",-118.455712,34.255118
"872",-117.552761,33.9700879
"873",-117.186488,33.683006
"874",-118.026387,33.794384
"875",-118.1558019,33.8712386
"876",-117.963415,33.670064
"877",-118.232755,33.891646
"878",-118.318068,33.8271299
"879",-117.902534,33.836623
"880",-118.142303,33.798305
"881",-117.168498,33.669474
"882",-118.3072495,33.8290538
"883",-118.3086582,33.7938012
"884",-118.146574,33.7715423
"885",-118.318969,33.796538
"886",-118.040937,33.737381
"887",-118.357091,33.859315
"888",-118.3083568,33.7853661
"889",-118.1503113,33.9172712
"890",-118.267685,33.934192
"891",-117.662122,34.083988
"892",-118.326543,33.809646
"893",-118.014296,33.842871
"894",-118.292538,33.716722
"895",-106.023894,35.645494
"896",-118.2453,33.784053
"897",-123.127749,49.231023
"898",-117.9970879,33.7363004
"899",-118.2140682,33.8969594
"900",-117.150002,33.633224
"901",-118.028892,33.9101659
"902",-118.0544285,34.1616951
"903",-118.101613,33.898772
"904",-118.1471565,33.7920181
"905",-118.0732077,33.8996135
"906",-118.2353521,33.9037336
"907",-117.9629733,33.8297371
"908",-118.175702,33.84328
"909",-117.897285,33.914601
"910",-118.2639541,33.8017325
"911",-118.125731,33.809086
"912",-117.532505,33.97816
"913",-117.9144478,33.71834
"914",-117.463707,33.9037099
"915",-118.1701605,33.7689882
"916",-117.336224,33.9822461
"917",-118.311794,33.76905
"918",-118.3406288,33.8358492
"919",-118.310323,33.913728
"920",-122.445307,48.7756882
"921",-117.6683917,33.4906229
"922",-118.3059759,33.7970024
"923",-118.343038,33.868977
"924",-118.3116197,33.8012071
"925",-118.4291107,34.2605389
"926",-118.138795,33.854593
"927",NA,NA
"928",-118.1502725,34.1749284
"929",-90.7607758,29.6700404
"930",-118.355882,33.817746
"931",-118.277976,33.797872
"932",-118.2809454,33.744027
"933",-118.163999,33.775721
"934",-117.6935162,33.4695782
"935",-118.2657124,33.8071418
"936",-118.299631,33.736697
"937",-118.3862791,34.0328503
"938",NA,NA
"939",-118.3351375,33.9321446
"940",-117.572943,33.882318
"941",-118.3307791,34.0560473
"942",-118.665256,34.169631
"943",-117.262401,33.976435
"944",-118.179873,33.84559
"945",-118.294808,33.739047
"946",-117.962742,34.041696
"947",-118.2119421,33.7997821
"948",-118.2911505,33.8182251
"949",-118.2798472,33.7848261
"950",-117.18472,33.904366
"951",-118.266583,33.984537
"952",-118.408994,33.930439
"953",-112.033085,33.05634
"954",-118.08805,33.974164
"955",-118.281717,33.810724
"956",-118.23539,33.89008
"957",-118.2146727,33.9020385
"958",-118.3108607,33.8061909
"959",-117.4009517,34.0994917
"960",-118.278256,33.789691
"961",-116.339919,43.620499
"962",-118.091379,33.94324
"963",-118.242533,33.913708
"964",-117.90652,33.979807
"965",-118.2276735,33.9065511
"966",-118.2936945,33.7380339
"967",-118.276935,33.784686
"968",-118.345602,33.983908
"969",-118.1944067,33.8822592
"970",-118.1997408,33.7813087
"971",-118.02167,33.775492
"972",-117.2523411,33.6732866
"973",-118.3024733,33.8337222
"974",-118.1302889,33.8866825
"975",-118.348665,33.9095382
"976",-117.845133,33.84179
"977",-118.185737,33.9285617
"978",-118.337725,33.909363
"979",-118.3926875,34.2200385
"980",-118.244623,33.790287
"981",-118.2456264,33.7921667
"982",-118.304853,33.7867603
"983",-117.8651775,33.7867372
"984",-118.2593363,33.7852374
"985",-118.3021991,33.7324565
"986",-118.2674618,33.776109
"987",-118.279171,33.7861672
"988",-118.24522,33.847792
"989",-118.343759,33.8201027
"990",-118.3617482,33.8470473
"991",-118.260213,33.926383
"992",-118.109141,33.865823
"993",-117.789172,33.862929
"994",-118.189307,33.910412
"995",-118.0408103,33.7697344
"996",-118.2943797,33.7294798
"997",-118.270927,33.810897
"998",-118.270927,33.810897
"999",-118.25881,33.884451
"1000",-118.123756,33.856867
"1001",-118.317478,33.737518
"1002",-118.2908053,33.7353019
"1003",-117.80995,33.772306
"1004",-118.1802639,33.858576
"1005",-118.254828,33.853429
"1006",-118.3683853,33.8621386
"1007",-118.2953937,33.8443394
"1008",-118.2192252,33.9269799
"1009",-118.270784,33.787059
"1010",-118.281171,33.793005
"1011",-118.159255,33.79629
"1012",-117.9011401,33.9886419
"1013",-118.12061,33.898651
"1014",-117.964026,33.808621
"1015",-118.298694,34.103645
"1016",-118.116429,33.938016
"1017",-118.334468,33.875436
"1018",-118.246462,33.792837
"1019",-118.033003,33.922598
"1020",-118.033003,33.922598
"1021",-117.887386,33.83437
"1022",-118.1841385,33.7972603
"1023",-118.262286,33.7956
"1024",-118.253668,33.855451
"1025",-118.015134,33.894591
"1026",-118.1894707,33.8484084
"1027",-118.2004469,33.8171012
"1028",-118.0985288,33.913214
"1029",-118.2872127,33.9197824
"1030",-118.2246297,33.8257742
"1031",-118.06994,33.820506
"1032",-118.1334372,33.8549618
"1033",-118.2916699,33.7915651
"1034",-118.2782431,33.9255625
"1035",-117.9840542,34.0729156
"1036",-118.261295,33.797235
"1037",-118.143976,33.795604
"1038",-117.974512,33.862587
"1039",-118.302005,33.897882
"1040",-118.131301,33.822754
"1041",-118.2229017,33.8367652
"1042",-118.065439,33.8902969
"1043",-118.0433796,33.9861521
"1044",-118.119771,33.848839
"1045",-118.1580562,33.7864985
"1046",-118.11523,33.816756
"1047",-118.0651986,33.982477
"1048",-118.273668,33.825767
"1049",-118.2991436,33.7381303
"1050",-117.380303,34.523524
"1051",-118.2649488,33.7843525
"1052",-118.3572961,33.9077127
"1053",-118.1970138,33.857695
"1054",-117.6852139,33.9543969
"1055",-118.3142298,33.7475284
"1056",-118.3170737,33.7920251
"1057",-118.2982474,33.8949273
"1058",-118.033003,33.922598
"1059",-118.033003,33.922598
"1060",-118.027857,33.8141419
"1061",-118.3007939,33.7120647
"1062",-117.7878138,33.8789162
"1063",-118.3562507,33.9747893
"1064",-116.9692487,33.7255562
"1065",-118.110267,33.906405
"1066",-118.3030381,33.7868359
"1067",-118.3413036,34.0363416
"1068",-118.1274284,33.9139544
"1069",-118.249768,33.78251
"1070",-118.322175,33.998622
"1071",-118.4902469,34.0174119
"1072",-118.030028,33.909528
"1073",-117.979407,33.8455591
"1074",-118.1404924,33.890829
"1075",-118.179764,33.79474
"1076",-117.910043,33.915096
"1077",-117.926278,33.755701
"1078",-89.9449404,38.5494057
"1079",-118.271161,33.792737
"1080",-117.907835,33.7949569
"1081",-118.2686366,33.7888708
"1082",-118.320363,34.028595
"1083",-118.3280891,33.9033058
"1084",-118.067872,34.0181169
"1085",NA,NA
"1086",-118.1498432,33.8708861
"1087",-117.731794,34.004478
"1088",-118.119759,33.854107
"1089",-118.034118,33.85306
"1090",-118.129739,33.809422
"1091",-118.2245113,33.881748
"1092",-118.287914,33.886834
"1093",-118.354639,33.9143972
"1094",-118.303448,33.825237
"1095",-118.312623,33.8818018
"1096",-117.013394,33.780741
"1097",-118.436768,34.015695
"1098",-117.448897,34.1412108
"1099",-117.700925,33.467856
"1100",-118.2954662,33.7209005
"1101",-117.603464,34.082538
"1102",-117.9152807,33.6487136
"1103",-118.17085,34.0883449
"1104",-118.1125923,33.9973001
"1105",-118.020024,34.562917
"1106",-118.362208,33.8329809
"1107",-118.2781795,33.7965453
"1108",-118.173156,33.766562
"1109",-118.287217,33.730845
"1110",-117.8241501,33.8149739
"1111",-117.5179548,33.8922839
"1112",-118.1832078,33.8537106
"1113",-118.2543989,33.7853805
"1114",-118.11563,33.814216
"1115",-117.219933,33.784858
"1116",-118.3163557,33.8305812
"1117",-118.166681,33.848158
"1118",-118.2610008,33.8714764
"1119",-118.096048,33.837051
"1120",-118.0804057,33.8858298
"1121",-118.3432209,34.0619182
"1122",-118.2735697,33.7753888
"1123",-94.1376868,30.0941435
"1124",-118.2534543,33.9467212
"1125",-118.2538564,33.8698579
"1126",-118.330157,33.860755
"1127",-94.0909439,30.056068
"1128",-118.3769911,33.9462527
"1129",-118.3371122,34.0287663
"1130",-118.161575,33.945586
"1131",-118.424222,34.220466
"1132",-117.8520728,33.8160869
"1133",-118.263945,33.787252
"1134",-118.183691,33.8539389
"1135",-117.145866,33.801408
"1136",-118.2280904,33.9333572
"1137",-118.3643874,33.8380541
"1138",-118.0414026,33.7551509
"1139",-118.286368,33.8193259
"1140",-117.769788,33.862824
"1141",-118.0146583,33.811876
"1142",-95.467488,29.044748
"1143",-118.120206,33.818416
"1144",-117.6662898,33.656454
"1145",-118.1424322,33.8646067
"1146",-117.046179,32.733201
"1147",-118.1983665,33.7985799
"1148",-118.273926,33.824722
"1149",-118.222737,33.7899126
"1150",-118.340602,33.9109954
"1151",-118.250192,33.907088
"1152",-118.747014,34.26824
"1153",-118.1908096,33.801487
"1154",-118.270912,33.796798
"1155",-118.10117,33.847647
"1156",-118.2598594,33.8702269
"1157",-118.2708584,34.1510045
"1158",-118.2522291,33.7867665
"1159",-118.271686,33.826135
"1160",-117.8565318,33.8303902
"1161",-118.0084411,33.9195343
"1162",-117.261499,33.677848
"1163",-90.986858,30.275694
"1164",-118.107497,33.824376
"1165",-118.29854,33.962704
"1166",-118.413415,34.441597
"1167",-118.413415,34.441597
"1168",-118.3394759,33.8611967
"1169",NA,NA
"1170",-118.254326,33.784283
"1171",-158.027727,21.331168
"1172",-117.586433,33.949456
"1173",-117.880201,33.685244
"1174",-118.110506,33.7921539
"1175",-118.379338,33.877268
"1176",-117.310105,33.892863
"1177",-118.27367,33.784979
"1178",-118.1592423,33.7792536
"1179",-118.3352194,33.981774
"1180",-118.278607,33.813606
"1181",-118.174423,33.889353
"1182",-117.876945,33.921062
"1183",-118.253981,33.8892049
"1184",-117.99236,33.840916
"1185",-118.1922463,33.9046063
"1186",-118.0671618,33.910461
"1187",-72.6910422,45.333535
"1188",-118.251799,34.044639
"1189",-118.28642,33.747711
"1190",-118.2688574,33.7941729
"1191",-118.3630023,33.842309
"1192",-118.239823,33.849223
"1193",-117.999864,33.886831
"1194",-118.309002,33.736369
"1195",-118.023388,33.92304
"1196",-117.999534,33.832773
"1197",-118.045574,33.869718
"1198",-118.241786,33.892214
"1199",NA,NA
"1200",-118.221663,33.828383
"1201",-118.1832078,33.8537106
"1202",-118.280682,33.787132
"1203",-118.094265,33.904948
"1204",-118.1953196,33.7843091
"1205",-115.318535,36.303797
"1206",-118.137163,33.8900404
"1207",-118.086484,33.8549729
"1208",-117.770639,33.871765
"1209",-118.271325,33.862141
"1210",-118.2702944,33.7833396
"1211",-118.301971,33.8024872
"1212",-118.332405,33.879147
"1213",-118.0143589,33.7163037
"1214",-118.212742,33.794046
"1215",-117.6974178,34.0902828
"1216",-118.1219847,33.8675321
"1217",-118.291659,33.708996
"1218",-118.0156555,33.8248864
"1219",-117.858361,33.8451542
"1220",-118.091379,33.94324
"1221",-118.3100283,33.7880263
"1222",-118.1928156,33.8548827
"1223",-118.322431,33.90026
"1224",-117.23205,33.9196359
"1225",-122.0116927,37.531638
"1226",-117.9289005,33.8616033
"1227",-118.2172303,33.9466866
"1228",-118.374081,33.846019
"1229",NA,NA
"1230",-118.132932,33.88787
"1231",-118.102306,33.86399
"1232",-117.061744,32.703485
"1233",-118.254826,34.0812621
"1234",-118.3078084,33.8277704
"1235",-118.10693,33.861738
"1236",-118.1405721,33.8420816
"1237",-118.1531839,33.7953349
"1238",-118.2731136,33.9064822
"1239",-118.150751,33.794303
"1240",-118.132738,33.948288
"1241",-118.26887,33.862147
"1242",-118.3356062,33.9025217
"1243",-118.2828823,33.836272
"1244",-118.355567,33.815047
"1245",NA,NA
"1246",-117.737472,33.626607
"1247",NA,NA
"1248",-118.231591,33.883605
"1249",-83.1528226,39.9696138
"1250",-118.17898,33.7696759
"1251",-118.0681879,33.9904086
"1252",-118.2196016,33.8579035
"1253",-118.158697,33.848118
"1254",-118.28859,33.714292
"1255",-118.086181,33.840233
"1256",-118.23464,33.851519
"1257",-118.5015997,34.2110962
"1258",-118.3772791,33.8064138
"1259",-118.0305219,33.9666419
"1260",-118.3108502,33.8803205
"1261",-121.3294805,37.9883016
"1262",-118.28107,33.826752
"1263",-117.258234,33.68647
"1264",-118.3099541,33.8193645
"1265",-118.175227,33.8221398
"1266",-118.055097,33.910747
"1267",-118.3127255,33.8309881
"1268",-118.286338,33.8236486
"1269",-118.178002,33.865699
"1270",-118.2720367,33.7899118
"1271",-116.9692487,33.7255562
"1272",-111.9860363,33.3786362
"1273",-118.255879,33.916906
"1274",-117.4809137,33.8984536
"1275",-118.119325,33.845591
"1276",-118.2358006,34.0443305
"1277",-118.1803435,33.8150398
"1278",-118.142676,33.916642
"1279",NA,NA
"1280",-117.1816723,32.7710425
"1281",-118.155794,33.872725
"1282",-118.219324,33.959864
"1283",-118.3280816,33.907472
"1284",-118.146651,34.179822
"1285",-118.118835,33.895479
"1286",-118.153946,33.9085139
"1287",-118.2914427,33.9065957
"1288",-118.2914427,33.9065957
"1289",-117.9196441,33.7350582
"1290",-118.11068,33.819983
"1291",-118.365706,33.860446
"1292",-118.296685,33.8034899
"1293",-117.510374,34.027568
"1294",-117.971481,33.839857
"1295",-118.262814,33.935482
"1296",-117.8059285,33.8925596
"1297",-118.1958729,34.02711
"1298",-118.151977,33.870604
"1299",-118.1666317,33.9189732
"1300",-118.165918,33.870816
"1301",-118.182544,33.795886
"1302",-118.1042415,33.7442762
"1303",-118.1515937,33.88529
"1304",-118.132802,33.791525
"1305",-89.88593,35.217144
"1306",-118.3021464,33.9647643
"1307",-115.085517,36.066466
"1308",-118.316985,33.950944
"1309",-118.1738059,34.0636771
"1310",-118.293949,33.932548
"1311",-118.26515,33.793809
"1312",-118.345328,33.904919
"1313",-118.269613,33.793262
"1314",-118.1425105,33.9336388
"1315",-118.21175,33.9090575
"1316",-118.314822,34.066302
"1317",-118.303205,33.798919
"1318",-118.127021,33.872507
"1319",-113.1795032,34.567369
"1320",-118.161999,33.7743592
"1321",-117.297377,33.612311
"1322",-118.3765955,33.8400939
"1323",-117.9916223,33.7180635
"1324",-118.1894988,33.9054069
"1325",-118.3075027,33.9402272
"1326",-118.1490064,33.7630884
"1327",-117.389551,33.936389
"1328",-118.199631,33.9375526
"1329",-118.2119892,33.8158651
"1330",-118.1198928,33.771546
"1331",-118.017329,33.837204
"1332",-118.246463,33.830357
"1333",-118.2738479,33.7823849
"1334",-118.257861,33.962234
"1335",-118.188619,33.904865
"1336",-118.267085,33.8144577
"1337",-118.1332106,33.7637892
"1338",-118.163704,33.9129
"1339",-117.2818986,34.1467261
"1340",-118.114096,33.86654
"1341",-118.179508,33.889519
"1342",-118.296878,33.792552
"1343",-118.2686366,33.7888708
"1344",-117.9312982,33.9325393
"1345",-117.714664,34.023552
"1346",-118.1818782,34.0368132
"1347",-118.065508,33.848885
"1348",-117.666628,33.490003
"1349",-118.3570403,33.8947866
"1350",-118.397446,33.9609802
"1351",-117.723262,34.032917
"1352",-118.246079,33.931376
"1353",-151.1501228,60.5373543
"1354",-118.3396682,33.9253327
"1355",-117.488926,33.912763
"1356",-118.272659,33.824701
"1357",-118.2079092,33.823372
"1358",-118.1314115,33.8773165
"1359",-118.23539,33.89008
"1360",NA,NA
"1361",-118.258746,33.785676
"1362",-117.406045,34.483297
"1363",-117.4863074,33.779226
"1364",-118.267873,33.793219
"1365",-117.229033,33.877234
"1366",-118.303601,33.724029
"1367",-118.1442266,33.8610119
"1368",-118.2912132,33.9231653
"1369",-118.1462583,33.932551
"1370",-118.2491046,33.919564
"1371",-118.297853,33.988594
"1372",-116.986536,33.767441
"1373",-118.3260669,34.0145974
"1374",-118.208762,33.818652
"1375",-118.188476,33.914655
"1376",-118.3545302,33.8886041
"1377",-118.1378933,34.0769953
"1378",-118.124635,33.761772
"1379",-118.2973688,33.7282176
"1380",-117.9289005,33.8616033
"1381",-118.007838,33.741408
"1382",-118.0598763,33.8305457
"1383",-118.188886,33.84902
"1384",-118.281948,33.779921
"1385",-117.905744,33.828879
"1386",-118.0499503,33.8442701
"1387",-118.1576119,33.871857
"1388",-118.170688,33.852958
"1389",-118.291229,33.910825
"1390",-118.275005,33.785044
"1391",-118.048064,33.86242
"1392",-117.001788,34.886175
"1393",-118.292971,33.862939
"1394",-118.076425,33.875326
"1395",-118.1924987,34.1317428
"1396",-118.18308,33.92048
"1397",-117.909977,33.789483
"1398",-122.4606616,47.1632063
"1399",-118.132517,33.812851
"1400",-117.325163,33.881458
"1401",-104.81023,38.7636335
"1402",-118.10117,33.847647
"1403",-118.109476,33.871643
"1404",-118.195118,33.806043
"1405",-118.130926,33.901841
"1406",-122.405027,37.72656
"1407",-117.8694922,34.0312878
"1408",-117.7507838,33.6515928
"1409",-117.333555,33.987601
"1410",-118.288324,33.731267
"1411",-117.9887645,33.7772892
"1412",NA,NA
"1413",-118.0678789,34.0787584
"1414",-117.994989,33.866936
"1415",-118.3195719,33.8164932
"1416",-118.217298,33.803802
"1417",-118.369635,33.872143
"1418",-117.308167,34.430029
"1419",-118.3139138,33.8266359
"1420",-117.9982128,33.6875698
"1421",-98.0187689,43.7003306
"1422",-118.148325,33.863311
"1423",-118.455712,34.255118
"1424",-118.135222,33.7964852
"1425",-118.2969911,33.7344489
"1426",-118.2219147,33.8555467
"1427",-118.1920032,33.7772284
"1428",-117.4584191,34.0646749
"1429",-118.299835,34.001357
"1430",-118.096922,33.912959
"1431",-118.3164793,33.9159661
"1432",-118.118267,33.857401
"1433",-118.1985984,33.9301219
"1434",-118.207651,33.815508
"1435",-118.2460758,33.7878052
"1436",-118.279551,33.7866986
"1437",-118.1115696,34.0199198
"1438",-118.334344,33.863764
"1439",-118.2670987,33.8692858
"1440",-118.095863,33.834567
"1441",-118.2666284,33.8320538
"1442",-117.8788914,33.8854629
"1443",-118.2718142,33.9036096
"1444",-119.165814,34.160571
"1445",-118.183313,33.773818
"1446",-118.297062,33.7374859
"1447",-118.3602289,33.8720438
"1448",-118.157633,33.843899
"1449",-118.9755705,35.3858989
"1450",-117.260374,33.976743
"1451",-118.2692077,33.7913408
"1452",-117.2735776,33.9356676
"1453",-118.1684163,33.780483
"1454",-118.159466,33.85111
"1455",-118.190322,33.867545
"1456",-118.270944,33.834923
"1457",-118.317404,33.9994749
"1458",-118.047632,33.718099
"1459",-118.358975,33.862457
"1460",-118.1855827,33.8669024
"1461",-117.918848,33.7744499
"1462",-118.160605,33.85882
"1463",NA,NA
"1464",-118.2671329,33.8261566
"1465",-118.3252244,33.8340726
"1466",-117.28977,33.677678
"1467",-118.1081455,33.8161139
"1468",-118.2270688,33.9328852
"1469",-117.478099,33.916048
"1470",-118.1993382,33.8540709
"1471",-118.3119721,33.7915404
"1472",-118.2073993,33.9189674
"1473",-118.092503,33.843433
"1474",-118.203707,33.8063379
"1475",-118.3036417,33.8769512
"1476",-118.2846529,33.8239979
"1477",-117.8195701,33.8911587
"1478",-118.1949547,33.7818819
"1479",-122.2410011,38.0806684
"1480",-118.0812686,33.8667136
"1481",-90.986858,30.275694
"1482",-118.128493,33.879105
"1483",-118.2661949,33.7818754
"1484",-118.061553,33.974568
"1485",-118.133604,33.9505709
"1486",-118.2217165,33.8339782
"1487",-118.3052294,33.794047
"1488",-118.1587239,33.7851372
"1489",-118.2673827,33.7963551
"1490",-117.212193,33.924286
"1491",-118.4737227,34.2436014
"1492",-118.1909457,33.8462445
"1493",-118.1643563,33.7871764
"1494",-117.753433,33.879171
"1495",-118.266889,33.7829394
"1496",-118.333049,33.9928726
"1497",-118.2352211,33.8938886
"1498",-117.215746,33.910856
"1499",-117.969678,33.666893
"1500",-117.5787622,34.1010571
"1501",-118.263423,33.807651
"1502",-119.0166005,34.210138
"1503",-118.350625,33.86466
"1504",-118.2200093,33.8646465
"1505",-117.905231,33.6612106
"1506",-93.6630577,32.536392
"1507",-118.098771,33.908062
"1508",-118.188237,33.856147
"1509",-118.0938986,33.8433019
"1510",-118.151977,33.870604
"1511",-118.148398,33.851509
"1512",-118.3599312,33.9519129
"1513",-118.278911,33.794416
"1514",-118.1378462,33.8680421
"1515",-118.284044,34.113335
"1516",-118.3287079,33.9541586
"1517",-117.0483697,32.6178454
"1518",-118.273506,33.782881
"1519",-118.2947649,33.7394091
"1520",-118.142259,33.924726
"1521",-118.1801632,33.8755565
"1522",-118.1079788,33.8416323
"1523",-118.3077091,33.7643007
"1524",-117.9185816,33.7250392
"1525",-118.0269038,33.9411899
"1526",-118.31037,33.9674886
"1527",-118.1334372,33.8549618
"1528",-118.118433,33.939596
"1529",-117.950844,33.771126
"1530",-118.0497529,34.1597969
"1531",-118.2690894,33.7804827
"1532",-118.3186713,33.8263113
"1533",-117.452562,33.868123
"1534",-118.171241,33.863297
"1535",-117.5697957,34.0757658
"1536",-118.259363,33.881909
"1537",-118.1654451,33.7714711
"1538",-117.441447,34.14894
"1539",-118.1883138,33.82244
"1540",-118.2116285,33.8317475
"1541",-118.4431265,34.4097123
"1542",-118.1168676,33.7956399
"1543",-118.138795,33.911058
"1544",-118.138795,33.854593
"1545",-118.2700311,33.8023928
"1546",-118.046102,33.811461
"1547",-118.2957304,33.7448359
"1548",-118.035305,33.8213239
"1549",-118.233321,33.891343
"1550",-106.3520955,42.8172234
"1551",-118.1808534,33.8244272
"1552",-118.354262,33.9077807
"1553",-118.212706,33.913736
"1554",-118.187297,33.787397
"1555",-118.127249,33.81715
"1556",-118.3209126,33.9815639
"1557",NA,NA
"1558",-118.2443299,33.8304161
"1559",-118.1915493,33.8390511
"1560",-118.1478699,33.7855642
"1561",-117.984475,33.7394589
"1562",-118.146564,33.843795
"1563",-118.1839422,33.7786463
"1564",-109.4602956,41.5080103
"1565",-117.965204,33.748048
"1566",-118.1655328,33.7849113
"1567",-118.3068161,33.8658595
"1568",-118.0616974,33.9053445
"1569",-118.2157637,33.819711
"1570",-118.2614575,33.7827903
"1571",-117.511437,33.894027
"1572",-117.808543,33.855272
"1573",-117.9943628,33.9460686
"1574",-118.265661,33.792927
"1575",-118.1472434,33.9032168
"1576",-118.244492,33.881192
"1577",-118.194539,33.815742
"1578",-118.296022,33.7202772
"1579",-118.1702395,33.7700771
"1580",-118.2895907,33.7331861
"1581",-117.236145,33.77428
"1582",-117.9657284,33.9957991
"1583",-118.28396,33.890714
"1584",-118.1367275,33.9353402
"1585",-118.1888255,33.8375186
"1586",-118.284882,33.81415
"1587",-117.9681157,33.7765277
"1588",-117.803988,33.763825
"1589",-118.1754461,33.7745056
"1590",-118.179383,33.773283
"1591",-118.3057694,33.8337114
"1592",-117.943515,33.916419
"1593",-118.141189,33.783473
"1594",-118.1869087,33.8213783
"1595",-118.172622,33.799143
"1596",-118.5983937,34.1702649
"1597",-118.2132374,33.8086002
"1598",-122.382974,40.622458
"1599",-118.253283,33.785841
"1600",-118.3483779,33.9973948
"1601",-90.001918,30.036549
"1602",-117.222457,34.118343
"1603",-118.2645609,33.7940647
"1604",-118.1788465,33.800079
"1605",-118.187072,33.8569786
"1606",-118.2466438,33.9047003
"1607",-118.3256903,34.0090747
"1608",-117.7729401,33.6524139
"1609",-118.138574,33.907979
"1610",-117.32819,33.912139
"1611",-118.1740495,33.7688543
"1612",-118.269862,33.860786
"1613",-118.0671267,33.8997088
"1614",-118.1182598,33.8296966
"1615",-118.262431,33.826618
"1616",-118.094788,33.978843
"1617",-118.1234636,33.9266835
"1618",-118.2657966,33.8043293
"1619",-118.5903316,34.2184787
"1620",-118.091343,33.848411
"1621",-118.2914908,33.7417703
"1622",-118.2334002,33.9336008
"1623",-118.14931,33.9348453
"1624",NA,NA
"1625",-118.326319,33.818787
"1626",-117.9690988,34.0040912
"1627",-118.080988,33.898974
"1628",-118.274636,33.7776083
"1629",-118.2114943,33.7914704
"1630",-118.2508588,33.9182277
"1631",-118.1878205,33.9249323
"1632",-118.288338,34.080111
"1633",-117.1434614,34.0731901
"1634",-117.625312,33.6870412
"1635",-118.018003,33.81641
"1636",-118.188349,33.925044
"1637",-118.300742,33.7913236
"1638",-118.172279,33.799409
"1639",-117.936626,33.755182
"1640",-118.17566,33.865784
"1641",-118.1402282,33.883113
"1642",-118.09123,33.839317
"1643",-117.4186912,33.9376557
"1644",-117.891149,34.108327
"1645",-118.283587,33.8139169
"1646",-117.904118,33.650878
"1647",-118.1552718,33.7746108
"1648",-117.9681157,33.7765277
"1649",-118.145074,33.7780187
"1650",-118.18206,33.7785265
"1651",-118.123757,33.857004
"1652",-118.083248,33.850267
"1653",-118.087046,33.9078639
"1654",-118.2580438,33.9481696
"1655",-118.27157,33.791476
"1656",NA,NA
"1657",-117.9325369,33.7786781
"1658",-118.267898,33.802025
"1659",-117.9037509,34.1177664
"1660",-118.213582,33.9098796
"1661",-118.210667,34.0266469
"1662",-118.1726596,33.8446769
"1663",-118.303601,33.724029
"1664",-118.0219229,33.938868
"1665",-118.2131691,33.9300291
"1666",-117.93669,34.052981
"1667",-118.2765094,33.9345625
"1668",-118.199572,33.875761
"1669",-117.741219,34.088451
"1670",-118.249711,33.853905
"1671",-117.858273,33.736339
"1672",-118.119413,33.8527253
"1673",-117.9894472,33.8646513
"1674",-117.9777108,33.8172474
"1675",-118.240055,33.880889
"1676",-115.208197,36.228941
"1677",-118.3030943,33.7625439
"1678",-117.5644354,34.0775742
"1679",-118.108667,34.057712
"1680",-118.352556,33.804699
"1681",-118.3957557,33.9580767
"1682",-118.4345696,33.9980464
"1683",-118.0700943,33.7997257
"1684",-118.235161,33.916642
"1685",-117.8895738,33.9294774
"1686",-118.314052,33.8675659
"1687",-117.301089,33.914859
"1688",-118.2761605,33.7975309
"1689",-118.321583,33.9666489
"1690",-118.253981,33.8892049
"1691",-118.26659,33.783928
"1692",-118.296886,33.9905959
"1693",-118.2033248,33.9485486
"1694",-118.2599452,33.9105276
"1695",-118.116463,33.790155
"1696",-118.3406288,33.8358492
"1697",-118.055255,33.97155
"1698",-118.0655036,33.8912154
"1699",-117.432084,33.733281
"1700",-118.159729,33.781287
"1701",-118.2188583,33.8040173
"1702",-118.339698,33.98689
"1703",-118.273733,33.860111
"1704",-118.223799,33.823707
"1705",-118.298793,33.972993
"1706",-118.2080814,33.8131905
"1707",-118.2363097,33.8543307
"1708",-118.248446,33.789527
"1709",NA,NA
"1710",-118.2759352,33.8374073
"1711",-118.026037,33.759735
"1712",-118.214911,33.9168656
"1713",-117.576651,33.912993
"1714",-118.140437,33.94204
"1715",-118.213014,33.791026
"1716",-117.9027387,33.9403311
"1717",-117.1806032,33.8909856
"1718",-117.5460788,33.8260704
"1719",-117.8128009,33.8846846
"1720",-118.4509826,35.710182
"1721",-118.3524586,33.9250358
"1722",-118.1915261,33.8156653
"1723",-118.331665,33.9094399
"1724",-117.2370158,33.9341217
"1725",-118.2239177,33.835188
"1726",-118.245297,33.784873
"1727",-118.3046627,33.7313529
"1728",-118.293165,33.98116
"1729",-118.17124,33.869858
"1730",-118.367301,33.838418
"1731",-118.3821776,33.9758967
"1732",-118.1717044,33.7775664
"1733",-118.1482711,33.7834146
"1734",-108.0940414,36.6983902
"1735",-118.0118224,33.6698622
"1736",-116.352066,34.122677
"1737",-118.149234,33.89317
"1738",-118.1390326,33.9322551
"1739",NA,NA
"1740",-118.294537,33.8000898
"1741",-118.4662104,34.7396959
"1742",-117.6277,33.967415
"1743",-118.1458289,33.8921342
"1744",-118.326319,33.818787
"1745",-118.3026594,33.8280768
"1746",-118.1976932,33.8688063
