"lon","lat"
-118.1195838,33.8349919
-118.0527928,33.7204844
-118.2106024,33.7929859
-118.0408951,33.8171965
-118.280376,33.819659
-118.2941661,33.7454251
-118.373685,33.8703535
-80.4269521,25.5291026
-117.9612712,33.8293375
-118.3064525,33.730455
-118.0158975,33.715169
-118.3089175,33.7866601
-118.1303506,33.804997
-118.1757841,33.7681449
-118.357432,33.8523777
-118.3531894,33.8081015
-118.0098631,33.8534459
-117.9931665,33.7847652
-117.0574314,32.5804802
-118.1466492,33.7615079
-118.1164437,33.8593766
-118.2699757,33.7914517
-117.5719001,33.8951043
-117.8417761,33.7549319
-113.8532326,35.4057596
-117.582088,33.9741769
-118.0141835,33.8402791
-118.081083,33.9350513
-118.0617565,33.9773547
-118.0126878,33.8164684
-118.169107,34.0830579
-118.266025,33.8230866
-118.2930069,33.7381329
-118.1261633,33.8972313
-118.1793055,33.8567843
-118.1876861,34.0288811
-118.242301,33.8564933
-117.966581,33.678655
-118.282596,33.733543
-118.0152899,33.9300835
-117.4249329,34.0713823
-117.9981229,33.7556683
-118.1190765,33.9222798
-118.267085,33.8144577
-118.191348,33.7910051
-118.1600647,33.8578039
-118.2634178,33.8076277
-118.3188515,33.9539888
-118.1900481,33.8376938
-118.0937431,33.9049488
-118.2894734,33.727615
-118.2800691,33.7972274
-121.912225,36.617207
-117.769744,33.8628055
-118.2838121,33.7310958
-118.3160973,33.8248269
-118.0142063,33.9371255
-117.8740797,34.0284237
-118.2739357,33.796253
-118.2660421,33.7978227
-118.2598087,33.8043722
-118.3156486,33.8081467
-118.204261,33.9646225
-118.2879491,33.7100896
-117.9174666,33.7660238
-118.1335838,33.9505582
-117.2245304,33.7447823
-118.1571251,33.8429403
-118.1790154,33.78184
-118.2201384,33.8289361
-117.457823,33.916732
-118.161464,33.803786
-118.173929,33.77981
-118.1760478,33.7748081
-117.8516231,33.8330452
-118.2489201,33.7836458
-118.1306946,33.8111499
-118.306633,33.752882
-118.3355097,33.8778529
-118.3044765,33.7936516
-117.886805,33.7120245
-118.3425325,33.9805594
-118.1468211,33.8660369
-118.5127367,34.213743
-118.0479036,33.9839716
-118.2937064,33.7254243
-118.323458,33.790211
-118.318687,33.7417688
-118.0980437,33.9297042
-117.6277,33.967415
-118.2443669,33.9576362
-118.1488762,33.8785658
-118.2916467,33.7087564
-118.3357964,33.9995023
-107.2515542,41.7957582
-118.2447298,33.852385
-117.5608617,33.8767543
-118.2822762,33.7470758
-118.078339,33.9217709
-118.0264083,33.7832398
-117.9205492,33.8709036
-118.1736911,33.8473773
-122.440171,37.776924
-118.1632832,33.8352326
-117.3327465,34.0837874
-118.1705363,33.8450407
-118.314179,33.8967146
-118.3050837,33.8327138
-118.1293312,33.8964056
-117.8426658,33.8431531
-117.2075594,33.8561176
-118.1758411,33.8378313
-118.1333643,33.960472
-118.3515401,33.8815623
-118.0613869,33.8294828
-118.0049559,33.8300244
-89.0682737,32.9961816
-117.294846,33.949301
-118.0479036,33.9839716
-94.954937,29.502623
-118.2425496,34.0377352
-118.1758614,33.7726966
-117.9814589,33.6573902
-118.2515399,33.8302605
-117.8972945,33.9146282
-118.2730146,33.8186809
-117.96997,33.8989341
-118.179004,33.878799
-118.1046409,33.8178833
-117.3230764,33.8835661
-95.2554912,29.4027314
-118.1166965,33.9292927
-118.299874,33.982981
-118.1953723,33.7915306
-117.938328,33.7408294
-118.1387232,33.8020809
-117.7567769,33.8437407
-117.3217458,34.4388455
-97.2740069,32.8832436
-118.197276,33.800187
-118.3086242,33.9841399
-117.960259,34.1011931
-118.4078167,33.9601879
-117.4526178,33.8681274
-118.0491535,33.8119828
-118.1062522,33.9002378
-118.1170426,33.938666
-118.1266197,33.8520895
-95.2441591,38.9430839
-118.1945162,33.7933518
-117.9771123,33.7503788
-118.1488686,33.7856076
-118.1777338,33.8304569
-118.4097643,34.1465211
-118.3474303,33.9177029
-118.0226723,33.841714
-118.1328883,33.9675467
-118.015653,33.7793796
-118.2440541,33.975826
-118.2760219,33.7827789
-118.2157836,33.8195525
-118.3187737,33.8333502
-118.3153949,33.9278745
-118.1142125,33.8781456
-117.6920549,34.0239773
-118.292961,33.8429357
-118.029738,34.5636931
-117.8095513,33.7381901
-118.0425906,33.948532
-117.9543199,33.6490437
-118.2722505,33.8304919
-118.0057448,33.9167137
-118.2773361,33.7839569
-118.336862,33.8792372
-118.3558743,33.8735373
-118.2922541,33.8385414
-118.1831376,34.0372533
-118.3125397,33.7542718
-118.2770233,33.8264436
-118.2562155,33.82594
-118.1366844,33.8585191
-118.118267,33.857401
-119.551643,37.235767
-118.2963361,33.7279114
-118.3207112,33.8165561
-118.2927219,33.7249121
-117.0385238,32.7149504
-117.16379,33.598733
-118.1350372,33.8607383
-117.4134944,34.1586318
-122.4911288,37.7448496
-116.9463376,33.7279518
-117.990081,33.9154913
-118.2474011,34.0505524
-118.3188843,33.7563776
-118.1908309,33.7802341
-117.2877377,33.6823975
-118.1068564,33.8867157
-118.2735697,33.7753888
-117.1065535,33.4680577
-118.067154,33.9104648
-118.2594792,34.0365464
-117.80995,33.772306
-118.2616895,33.8120678
-118.1390884,34.0442149
-117.2345149,33.6619062
-118.2856713,34.0102316
-117.9590546,33.7607509
-117.6110348,33.6632081
-121.8372225,37.9821096
-118.0066492,33.9314746
-118.271034,33.790238
-118.1143931,33.820482
-118.2934228,33.8445925
-118.039183,33.951484
-149.8180085,61.1500244
-117.3478808,33.6367684
-118.2092233,33.9281525
-118.2582268,33.8070456
-118.2937865,34.0760606
-118.145812,33.8488268
-117.4664768,33.879657
-118.1139025,33.8758965
-118.1001129,34.7108172
-118.2656862,33.8584746
-118.2645213,33.7937295
-118.1302806,33.9044396
-118.269983,33.7915788
-118.2669363,33.8223465
-118.27272,33.82859
-117.3336432,33.9875439
-118.2922196,33.7272383
-118.3169984,33.7958096
-118.3047552,33.7379096
-117.81358,34.0023756
-118.1472471,33.7776727
-118.2720806,33.7800268
-118.0704831,34.009693
-118.3571684,34.0454778
-117.920757,33.940335
-118.1763163,33.7656908
-118.2603,33.792523
-117.5883513,33.8612275
-118.1900653,33.9656667
-118.27272,33.82859
-118.2911698,33.8872466
-118.2245819,33.8323375
-117.8884096,33.8024918
-118.295463,33.8452175
-117.5530649,34.1166608
-117.161799,33.5405288
-118.2481168,33.7812284
-118.1463585,33.8568639
-117.4629942,34.123341
-118.157893,33.9110322
-118.302364,33.819832
-117.9681157,33.7765277
-118.2819735,33.7799671
-118.7742741,34.2443207
-117.8019969,33.7766931
-117.569284,33.9685587
-117.946137,33.9318591
-118.2013726,33.8821222
-118.13493,33.873541
-118.1809679,33.7965616
-117.4434031,33.9388358
-118.2642518,33.8235032
-118.2201599,33.826171
-118.2086413,33.7996228
-117.7370174,33.8491037
-118.2900243,33.8848467
-117.3866856,34.1125696
-118.2913146,33.7267175
-118.2652825,33.8200151
-118.1424031,33.7817775
-118.223029,33.8314359
-117.2443421,33.660932
-117.9827988,33.915409
-118.2725106,33.8372717
-118.0099385,33.9360496
-117.1366062,33.5783225
-117.7954096,33.7634767
-118.3213477,33.8465902
-118.1040178,33.936853
-118.2683277,33.7931938
-118.1300668,33.8526335
-118.2987317,33.7830404
-117.3065001,33.8921395
-118.2192253,33.9269799
-118.026735,33.9034667
-118.2674011,33.8166366
-118.0099385,33.9360496
-118.2565323,33.8838321
-118.152686,34.02941
-118.2032334,33.9407316
-118.2965709,33.8834658
-118.3282499,33.9029372
-118.1326692,33.946291
-118.275454,33.7833256
-118.2583589,33.8070517
-117.7045452,34.0661694
-118.1383037,33.9611348
-117.7241867,34.064178
-118.1304993,33.966215
-119.1575058,34.2024434
-117.770639,33.871765
-118.1537561,33.7860384
-118.3575305,33.9293114
-118.1249135,33.8431385
-118.1507641,33.8523547
-118.2350062,34.1172865
-118.207331,34.0983053
-118.1134404,33.8437352
-118.1728019,34.0835866
-118.2451504,33.8320372
-118.294537,33.8000898
-122.6825563,45.6388131
-117.944298,33.823523
-118.2762377,33.8218024
-119.7541307,36.7451152
-118.27484,33.782946
-118.118274,33.8934181
-118.1607226,33.9167113
-117.8708052,33.898731
-118.1747755,33.8946134
-118.0190692,33.7151852
-118.3104645,33.9349085
-117.9814589,33.6573902
-118.1656981,33.7955533
-118.278343,33.7948437
-118.382973,33.957866
-118.1570218,33.8902347
-118.2900516,33.88415
-117.2664702,33.632585
-118.266025,33.8230866
-118.2954662,33.7209005
-118.2012926,33.77075
-118.27767,33.832878
-118.2568824,33.7871913
-117.2125025,33.932504
-118.2776327,33.7854437
-118.1661917,33.793323
-118.1802175,34.0507697
-118.0642148,33.9072329
-118.0857532,33.866674
-117.2832809,34.4114937
-118.1978483,33.9027881
-118.4556856,34.2551367
-118.18262,33.803147
-118.3125397,33.7542718
-118.0755753,33.8502911
-118.0103476,33.9247563
-118.2757493,33.7739348
-118.1793827,33.7997937
-117.6350014,34.0680067
-118.0678789,34.0787584
-118.3302413,33.9911664
-118.2114943,33.7914704
-118.2773861,33.77368
-118.1901515,34.0685119
-118.269442,33.828354
-117.8085516,33.8138541
-118.1919586,33.8177209
-117.3858956,33.9635763
-118.0654851,33.8902994
-118.2618776,33.9358543
-118.1069737,33.9051543
-117.3156823,34.4607695
-118.269286,33.8126884
-118.1279313,33.8293896
-118.4857252,34.0335489
-118.1707216,33.8566909
-118.1503463,33.8641049
-118.18515,33.918494
-118.121279,33.8969417
-118.2195038,33.7997764
-118.3630023,33.842309
-118.2751003,33.9511757
-118.1192693,33.8842601
-117.399339,33.990017
-118.2534903,33.8698661
-118.3742853,33.9784486
-118.3330237,33.9956604
-93.9992458,29.959018
-118.1603951,33.8384874
-118.1531992,33.7885352
-118.2413281,33.8842182
-117.900922,33.9908306
-118.2975304,33.7189581
-118.3562507,33.9747893
-118.2706079,33.7863807
-118.2719136,33.7791973
-118.298661,33.7448162
-118.2687612,33.7933311
-118.1921912,33.9366962
-118.1547649,33.8659784
-118.3674332,33.8522038
-118.209506,33.9048676
-117.9044933,33.7011066
-118.1733138,33.8388066
-117.9735183,33.7394268
-118.3188963,34.0026194
-118.3312392,33.9064969
-118.1792484,33.9322897
-118.0099385,33.9360496
-118.2294363,33.9876649
-118.13621,33.7883329
-118.1572463,33.7756536
-118.2079074,33.8236381
-117.211274,33.8645843
-118.2461541,33.8872653
-117.2054802,34.0470317
-118.2006329,33.918556
-118.3663003,33.9715934
-118.0959779,34.5536899
-118.2903209,33.7425316
-118.075807,33.781801
-117.8632642,33.7163413
-118.2624896,33.7986709
-118.2672459,33.7853077
-90.4651111,30.0882259
-118.2656154,33.7864927
-84.4108586,33.5702274
-118.3174879,33.9320489
-118.2711609,33.7927427
-118.2192253,33.9269799
-117.8468191,33.9261548
-118.2796252,34.0154324
-118.2945409,33.9339956
-118.1618082,33.8577734
-118.2228805,34.0851039
-118.2400653,34.1104885
-122.1483584,37.4524844
-118.2732552,33.792619
-118.1492089,34.09472
-118.100439,33.8234006
-118.1140684,33.8481081
-118.3057459,33.9354611
-117.8078406,34.0120858
-118.2864462,34.0718638
-118.3040982,33.8228925
-117.9956045,33.8112098
-117.948218,33.7799202
-117.4948791,33.9755497
-117.2145957,33.7904466
-118.2736091,33.7758609
-118.18308,33.92048
-118.181441,33.783934
-118.0506943,33.9858428
-118.1881474,33.8383715
-118.5370907,34.2373181
-118.1214323,33.8804581
-118.2634423,33.810771
-118.213057,33.8858691
-118.0744133,33.8536322
-117.8880198,33.7952925
-118.1834282,33.9771299
-118.1104046,33.8960686
-118.3326452,34.0206168
-118.2699239,33.8773227
-118.361375,33.964025
-118.1971956,33.8158578
-118.1499196,33.7801802
-118.0749537,33.914844
-118.2606143,33.8244742
-117.5038848,33.8104549
-118.145475,33.8014052
-118.1535338,33.841566
-118.1299876,33.8824363
-118.2000832,33.8514481
-114.9908826,35.9923513
-117.325035,33.91822
-118.1386388,33.8677004
-118.1890057,33.9246244
-118.1979972,33.938462
-117.8745487,33.7813074
-118.2863357,33.8131723
-118.2770711,33.7783414
-118.247264,33.832278
-118.0744133,33.8536322
-118.2547136,33.8265101
-118.1340917,33.8629685
-118.2149071,33.9168368
-118.2713116,33.7948125
-118.4675878,33.9981335
-118.1766394,33.8270317
-118.3208441,33.8658126
-118.2697785,33.902807
-118.186791,33.8315309
-118.1392257,33.8737089
-117.2501501,33.9478525
-118.1934177,33.9338924
-118.310182,33.786646
-118.3157667,33.9367963
-118.3007825,33.7918675
-116.9523166,33.9211748
-118.1754896,33.8726972
-118.2439626,33.8552132
-118.3834936,33.8081473
-118.209225,33.803511
-93.9992458,29.959018
-118.334331,34.0310018
-118.2493075,33.8916932
-118.1929317,33.949255
-118.1690008,33.8733484
-118.1879963,33.7977082
-118.2665739,33.8320915
-118.1841624,33.9842549
-118.3203071,33.8120158
-118.041246,33.763913
-118.0942239,33.9304996
-118.3460553,34.0217014
-118.1194949,33.9937371
-118.2674624,33.8227606
-118.2953254,33.7919424
-118.2622368,33.795617
-118.0937583,33.9195355
-118.157521,33.788464
-117.2778741,34.1608108
-118.2769946,33.7847112
-118.278252,33.9325542
-118.1047682,33.7414085
-118.279066,33.78222
-118.1881679,33.8968884
-118.3052285,33.9232804
-118.3427393,33.9965565
-118.1535007,33.7725283
-118.3038883,33.7193306
-118.2905052,33.9452887
-118.2151837,33.7941384
-118.21855,33.9477314
-92.118181,46.772726
-118.1972838,33.8057715
-117.458751,34.0440524
-118.1166481,33.8839838
-118.2773861,33.77368
-118.1967895,33.8132292
-118.1668164,33.7936375
-118.381531,33.857523
-118.3200719,33.9993155
-118.0980514,33.9472304
-118.0606241,33.9076268
-118.3106192,33.8993322
-118.3834302,33.8578534
-118.2460508,33.8290712
-117.6350014,34.0680067
-118.3018106,33.7625703
-118.1925581,33.9335336
-118.2948514,34.0109606
-118.4499815,34.2718015
-117.5015633,34.041792
-118.1967227,33.8052386
-118.3159737,33.8064892
-117.5644354,34.0775742
-118.2038029,33.8117878
-118.304853,33.7867603
-118.3764057,33.9848887
-118.2789329,33.9557767
-117.7027064,33.6222009
-118.2629498,34.0048088
-118.3177592,33.9563518
-118.3471004,33.8988685
-117.246226,33.960902
-118.0659034,33.8775147
-118.2789934,34.0002764
-117.4991059,33.9404992
-118.273131,33.963074
-118.2772479,33.8381682
-118.1384905,33.7615814
-118.150604,34.022731
-118.0782697,33.8405464
-118.2146935,33.9260541
-118.2926355,33.7286365
-118.2988089,33.9729476
-90.926385,32.327365
-118.2997214,33.9058078
-118.3469634,33.8944461
-118.3488873,33.9180419
-118.2431278,33.8508343
-118.1261604,34.012491
-118.5026585,34.2245586
-117.3151569,34.0398927
-118.2992015,33.7416758
-118.1751438,33.8635773
-118.180877,33.888612
-118.2920815,33.7505404
-118.2445853,33.9093063
-118.2466402,33.9330384
-116.4050098,34.1185895
-118.3607516,33.9641496
-118.1727686,33.7765387
-118.01746,33.7803604
-118.1832078,33.8537106
-118.3460854,34.0441279
-118.2040421,33.8090022
-118.301793,33.724022
-118.1655861,33.870516
-118.2068151,33.8958599
-118.2745629,33.8137814
-118.336691,34.0183478
-117.9948329,33.6725709
-118.1970964,34.0543697
-118.1984151,33.7907597
-118.0783026,33.8791245
-118.2851734,34.0328725
-118.1443531,33.8485946
-118.2830397,33.9377071
-118.2742861,33.785363
-118.1447639,33.8676829
-118.1235512,33.9274486
-118.3059563,33.8318053
-118.1129801,33.9175469
-118.1420002,33.8449197
-118.1692259,33.8657469
-117.9895606,34.1480084
-118.1218458,33.8419654
-118.1475193,33.9255043
-118.296508,33.9233405
-80.8665755,35.2307618
-118.2703289,34.0167643
-118.2117093,33.8198431
-118.2472614,33.9096918
-118.3206483,33.9815716
-115.2478265,36.188004
-118.2568746,33.9941643
-118.2645365,33.7869871
-118.2854038,34.0051841
-118.0483456,33.7106359
-118.339276,34.0251617
-117.2290114,33.8772484
-118.1937243,33.7898474
-118.1795636,33.7702772
-118.3592614,33.9011773
-118.2439626,33.8552132
-118.1427897,33.9217758
-118.0761028,34.0147516
-118.32763,33.7945119
-118.1650382,33.7859932
-118.2665739,33.8320915
-118.2713624,33.8103066
-118.308,33.829921
-118.1994549,33.8999648
-118.2451381,33.8492034
-118.2635173,33.7891809
-118.3085733,33.8294172
-118.330296,33.969713
-118.2152043,33.9111242
-118.1759532,33.8499545
-118.3147317,33.8238601
-118.2922967,33.794143
-117.9492864,33.7090973
-118.3172326,33.9706396
-118.293087,33.844232
-118.2599172,33.9580973
-117.5644059,33.8617828
-118.1984106,34.6646866
-118.2157825,33.9152722
-118.3093611,33.9425163
-118.2366552,33.9391401
-118.2891629,33.9461116
-118.1695583,33.7761868
-118.1176599,33.8794501
-118.2556285,33.9631735
-118.1548777,33.7867761
-117.9131796,33.6561453
-117.2151451,33.9199376
-118.2631669,33.8556662
-118.2796778,33.7892441
-118.31523,33.8260078
-118.3407329,33.8777981
-103.2916721,47.8014265
-118.2746968,33.7858279
-118.0006681,33.8754572
-118.3026257,33.8311915
-118.065116,33.8377199
-118.0447159,34.0823449
-117.2524608,33.9461219
-118.2020706,33.8762228
-117.4763052,33.9279756
-118.3044742,34.0383649
-94.9159099,29.7921132
-100.6535019,46.7706903
-117.9867825,33.8515782
-118.1606191,33.8580235
-117.598234,33.8496444
-85.981937,43.627885
-118.294984,34.014919
-118.285382,33.819361
-118.008252,33.9478176
-87.9642556,42.6398147
-118.2664621,33.8261606
-118.231607,33.9386719
-118.184624,33.7683996
-118.2049291,33.8668738
-118.3268661,33.927084
-118.2906848,33.9823914
-118.1497833,33.9085064
-118.2464968,33.9100024
-118.0960466,33.9248548
-118.3154459,33.9881116
-118.2207499,33.8113407
-118.2856305,33.9300102
-118.3511828,34.0282045
-118.2883181,33.9233642
-118.2959851,33.9204634
-118.2598087,33.8043722
-118.382973,33.957866
-118.4496827,34.4109843
-118.2503185,33.8713462
-118.2986791,33.7415244
-118.2436849,34.0522342
-118.1527886,33.7765923
-118.1593466,33.8368923
-118.3196738,33.807176
-118.3500899,34.0175562
-118.2886233,33.9011939
-118.3015612,33.9320496
-118.3558198,33.9715113
-118.0946256,33.8335419
-118.2512985,33.8480347
-117.573986,34.022282
-119.1614153,34.1672206
-117.371387,34.4051025
-118.275239,33.9345726
-117.6857183,34.0993878
-118.1750901,33.7669684
-118.1616526,33.9087183
-118.2471451,33.8857605
-117.4302268,33.7259617
-118.2986791,33.7415244
-118.1728798,33.7873876
-115.0981141,36.228613
-118.3145805,33.8881029
-118.1882336,33.7959785
-118.1616526,33.9087183
-118.1222657,33.9260384
-118.2607926,33.8526308
-118.2553138,33.7911493
-118.451685,33.9790509
-118.3247066,33.9068534
-98.0346193,43.7101834
-117.6665364,34.0267774
-118.2942113,33.8374566
-118.2374843,33.9076369
-117.1843796,34.0720952
-118.3148877,33.9517516
-118.2986614,33.9351238
-118.2558297,33.9020657
-118.2676635,33.8250169
-117.616713,34.0679002
-118.3178831,33.9584763
-118.3583797,33.895157
-118.2772077,33.9271466
-118.14923,33.878883
-118.2863308,33.9964538
-118.027793,33.811591
-118.2420591,33.9103893
-118.1009943,33.8809832
-118.3597842,33.9725317
-118.117476,33.8061034
-118.1776953,33.7888799
-118.305429,33.978689
-117.9915801,33.9191868
-117.2849118,33.840185
-117.9895572,33.9420448
-117.6918476,34.0994646
-118.319572,33.810933
-118.1561225,33.8394595
-118.2797653,33.8433983
-118.2436849,34.0522342
-118.2011766,33.8861714
-118.2863052,33.731505
-118.2072382,33.918503
-118.2686168,33.808184
-118.3377299,33.9093654
-118.2968788,33.8627232
-117.080495,33.783577
-118.2817284,33.9763821
-118.2436849,34.0522342
-118.2887954,34.0007555
-118.317817,33.8764746
-118.2590926,33.9956055
-118.2673065,33.8139181
-118.2708642,33.8065703
-117.4392207,34.1109867
-150.931251,60.500816
-118.2083125,33.8762495
-118.3381481,34.0321643
-118.2522819,33.9945808
-118.1352195,33.8371094
-117.9976727,33.7275613
-118.2671299,33.7763655
-118.3138422,33.9706259
-117.568447,34.1077951
-118.1631467,33.8884263
-118.295683,33.839453
-118.1223638,33.8866947
-118.124182,33.880548
-118.302723,33.9553433
-118.0714824,33.7887619
-118.2693301,33.9807946
-118.2696306,33.7983011
-118.0414358,33.7824588
-118.296575,33.734513
-117.6732348,34.0158325
-118.3433931,33.8931618
-118.281593,33.936743
-118.003848,33.815459
-118.2703451,33.8220676
-118.1176592,33.877215
-118.210193,33.9328309
-118.2799952,34.053107
-118.3545679,33.9847271
-115.0775791,36.2012398
-118.2693578,33.9063807
-118.242818,33.900825
-118.2757477,33.8344903
-118.3042068,33.8388315
-118.1920032,33.7772284
-118.3029193,33.7338737
-118.308166,33.946388
-118.270591,33.7843983
-118.2676126,33.9257627
-118.2114603,33.930293
-117.9576334,33.8158657
-118.2785571,33.8247403
-117.2548968,34.5108561
-118.3359846,33.9278211
-118.2621764,33.8115901
-116.879913,33.918714
-118.295683,33.839453
-118.1618073,33.857518
-117.8034683,33.8938699
-118.3095601,34.0239156
-118.1959928,33.7771621
-118.4307818,33.9742271
-118.2327872,33.8916561
-118.2871555,33.7077847
-118.2289915,33.91551
-118.2642348,33.7983758
-117.2571907,33.9663735
-118.2679127,33.8039608
-118.3050058,33.7824994
-118.244691,34.041611
-118.0546259,33.8591121
-118.1481503,34.7058311
-90.4651111,30.0882259
-118.2600841,33.9247706
-118.2470642,33.9334955
-118.3107268,33.9159676
-118.3365851,33.9188113
-118.319974,33.8208797
-117.993606,34.1511537
-118.3031152,33.9501226
-118.2808236,33.8098114
-118.2943552,34.0936254
-118.2219147,33.8555467
-118.1331121,33.8694047
-118.3729229,34.2002931
-118.1738298,33.7806492
-118.19463,33.9721874
-120.8008787,35.5423684
-118.2127407,33.8722921
-117.9576334,33.8158657
-118.2730535,33.824597
-89.749308,30.249839
-118.18919,33.949035
-118.287914,33.886834
-118.2012363,33.770716
-118.19463,33.9721874
-118.344445,33.9149723
-117.918927,33.9771501
-118.2563305,33.8553535
-118.0262852,33.7712303
-118.3892434,34.0333943
-118.3313539,33.736084
-118.2882208,33.9643875
-118.2971168,33.7208487
-118.3011211,33.9005881
-117.615808,34.096441
-117.9093284,34.0305189
-118.0278442,34.5593561
-118.296394,33.905948
-118.1834412,33.7723722
-118.2929597,33.7288059
-118.1966784,33.8032562
-117.994003,34.131461
-117.7499834,33.6445449
-118.2811777,33.7930073
-118.2838287,33.9864683
-89.908359,35.2505547
-118.3846773,34.0410218
-118.1752762,33.9638084
-118.2334145,33.9182372
-118.3295467,33.9584536
-117.440637,34.0713409
-118.3308026,33.8323134
-118.3249056,33.9114547
-118.3042332,34.0016737
-118.355252,34.017995
-117.8790292,33.6932511
-118.1593524,33.7842812
-118.1987389,33.8905284
-118.1703659,33.8635268
-118.28144,33.8212617
-117.7953845,33.9944942
-118.3285866,33.9808145
-118.1319953,34.1367144
-118.2713245,33.782414
-118.3042206,33.7396762
-118.252533,33.994174
-118.2911354,33.7249131
-118.1960613,33.7850036
-117.9074124,33.836097
-117.9793404,33.8375858
-117.9935162,33.8571275
-118.4558546,34.2235475
-118.269274,33.905763
-118.2805616,33.787959
-118.2839529,34.010817
-118.1266196,33.793952
-118.330232,33.996422
-118.3817852,33.8172356
-118.1902982,33.7957348
-118.1607936,33.9570535
-118.1315165,33.8784314
-118.2584151,33.997351
-118.3505289,33.9055748
-118.095467,34.041514
-116.98696,33.750153
-118.2869183,33.8803757
-118.1586733,33.7891701
-118.1655793,33.8545038
-118.254526,33.785911
-117.2540625,33.9717512
-117.390832,34.1474168
-118.317424,33.9856423
-117.5921864,33.9095752
-0.0550495,51.5144918
-118.2229017,33.8367652
-118.128238,33.882738
-118.2412488,33.8825729
-118.3727521,33.9218332
-118.0871348,34.0993465
-117.2965985,33.6659906
-117.863558,34.121731
-118.294537,33.8000898
-118.2918307,33.7087558
-118.186346,33.8714024
-117.4625682,34.143479
-118.3146966,33.7792662
-118.2213818,33.9323495
-118.2610756,33.781587
-118.2715346,33.7840722
-118.1474858,33.8645238
-118.4316819,34.1915777
-118.2589975,33.8074226
-118.1837469,33.7809336
-118.2488017,33.9099727
-118.1809078,33.878917
-118.2211566,33.7939264
-118.1559781,33.8759177
-118.2688166,33.7941481
-118.2963326,33.9648774
-118.2580093,33.9445275
-118.2605287,33.7948494
-118.2777485,33.8404897
-118.1538384,33.7802213
-118.1133765,33.909166
-118.3163805,34.0378182
-118.326983,33.9401755
-118.3090318,33.8453859
-118.0036182,34.0750381
-118.2822645,33.8239844
-118.3500825,33.8436204
-122.5193989,48.1733645
-118.2550023,33.9549587
-118.1099273,33.8933677
-118.0687008,33.8454812
-118.2210156,33.8926484
-118.2796252,34.0154324
-118.4157399,34.0251766
-118.1521947,33.8953349
-118.2796252,34.0154324
-118.2376312,33.8478081
-118.177546,33.8536073
-118.3776071,33.9275047
-118.2756358,33.7855612
-118.2491196,33.9092447
-117.1993354,33.8045533
-118.2653705,33.8787761
-117.1443805,34.0662601
-118.309002,33.736369
-118.1288184,33.8010416
-118.2708803,33.7953084
-118.344841,33.904441
-117.9892827,34.0193512
-117.7860325,33.8649398
-118.2967907,33.9306981
-118.1950408,33.8586309
-118.117922,33.8869851
-117.9765595,33.8085975
-117.3602029,34.1189429
-118.125295,33.7696667
-118.2213251,33.8937665
-118.2518959,33.9112538
-118.0983046,33.7414829
-118.3180378,33.9329196
-118.2440321,33.9028243
-118.2651181,34.0645854
-118.0927961,33.9000686
-117.997028,33.681508
-118.2217233,33.8221211
-118.2161744,33.9143359
-118.2724754,33.7874632
-118.1256521,33.8942571
-117.2603372,33.9560611
-118.1339563,33.8536269
-118.3727521,33.9218332
-118.2598587,33.7996573
-118.2827008,33.7362128
-118.1530867,33.7878559
-90.0230095,29.7944698
-117.9307542,33.7770081
-117.3847373,33.6598994
-117.2181701,33.793442
-118.1510017,33.779879
-118.1939415,33.8441308
-118.3452185,33.9344879
-118.2390957,33.9439544
-118.3362973,33.8962576
-118.303474,33.9606489
-117.90193,33.7102465
-118.2709127,33.774568
-118.2456264,33.7921667
-118.3356306,33.8712736
-117.5517385,34.1123487
-117.3049929,33.2499778
-118.0329618,33.9053531
-117.9687092,33.7686688
-118.2751163,33.7868158
-117.0505949,33.9613236
-117.2155817,33.8016121
-117.9864696,33.6918477
-117.8408288,33.967811
-118.2695516,33.8876229
-118.0867331,33.8779481
-118.140206,33.8917099
-117.8348634,33.7627478
-118.1746762,33.8614847
-117.7540301,34.0913514
-118.2957204,33.8201529
-118.3040412,33.8857468
-118.1863676,33.7932812
-118.2428178,33.98511
-117.3257169,34.7402853
-118.1970423,33.8198113
-117.2420295,33.9596054
-118.0429128,33.7276366
-118.3181251,33.9385437
-118.2531982,33.87101
-118.1575993,33.7869482
-118.2119952,33.9755199
-118.2706382,33.9072275
-118.2486208,33.8836627
-118.2072382,33.918503
-118.3278973,33.9684034
-118.2985391,33.7448204
-118.297074,33.734995
-118.2530304,33.8839288
-118.116887,33.8372534
-118.1993135,33.9110402
-117.4677829,34.1270287
-118.2095477,33.9022888
-117.8132397,33.8946038
-118.2779117,33.952964
-118.308043,33.802364
-117.7055574,34.0174262
-118.2150604,33.808185
-118.2987183,33.7358248
-118.102935,33.968678
-118.2099063,33.9001219
-118.339208,33.9123219
-118.2736667,33.7729635
-117.351662,34.482408
-118.2597713,33.8673562
-118.4653857,34.2530101
-117.9694526,33.9390417
-118.0943343,33.9342743
-118.4830475,34.0058901
-117.9915466,33.8957132
-118.2117071,33.8204172
-116.6127178,43.5800345
-118.1012853,33.8470292
-118.3544135,34.016541
-118.1424622,33.787465
-118.2587866,33.8255314
-118.3451712,33.9090374
-118.2487197,33.9400756
-117.3817225,34.1198962
-118.346857,34.035702
-118.1180626,33.8924392
-118.3266226,33.9993034
-118.2098017,33.9674212
-118.155951,33.8786949
-118.31561,33.8353825
-117.5614202,33.6348987
-117.7465112,33.9851428
-118.2180304,33.8053845
-118.5263247,34.2155055
-118.1798197,33.7852944
-118.1117661,34.5858299
-118.1945541,33.7665288
-118.150554,33.896998
-118.331665,33.9094399
-117.9341062,34.0365147
-118.3633998,33.9637377
-118.338929,33.9140828
-118.2948857,33.722826
-118.1478266,33.8802556
-117.8346351,33.8902988
-117.6363073,34.125977
-118.3021239,33.964593
-118.275209,33.7954995
-117.9171286,34.1198425
-118.1890995,33.8379487
-118.118835,33.895479
-117.3350761,34.0953246
-117.8919773,33.8040547
-118.3207021,34.0329791
-118.2763489,33.7893025
-118.030675,33.7217693
-118.1386023,33.7897583
-117.92273,33.739221
-118.1858183,33.7708111
-118.2981946,33.9024093
-118.1286564,33.8775857
-117.5655853,33.8423173
-118.308643,33.950649
-118.1719063,33.9019461
-118.1922869,33.9001843
-117.5683234,34.1104805
-118.3034996,33.8769503
-118.283758,33.79182
-118.2686973,33.9262965
-118.2848079,33.7470576
-118.238704,33.894813
-118.1618073,33.857518
-95.8853325,35.9506376
-118.2859751,33.9458173
-118.1849672,33.9094332
-117.6517101,33.5713407
-117.67241,33.6103983
-118.3000031,33.9685787
-118.2680244,33.7960098
-79.9879005,40.4288831
-118.1185881,33.8973961
-118.270127,33.8319029
-118.2136703,33.9156883
-118.1967287,33.9944062
-118.1092793,33.8047594
-117.4044717,34.5323695
-118.346499,33.95498
-118.2700311,33.8023928
-118.322576,33.904334
-118.3728521,33.8625931
-117.2940824,33.8933806
-118.1998691,33.943978
-118.365706,33.860446
-118.2104314,33.9104543
-118.4108279,33.9290664
-118.2577439,33.9644976
-118.1803534,33.8507299
-119.2423786,34.1885367
-118.2333241,33.9157559
-118.3244428,34.0093035
-118.3186757,33.9615947
-118.2184132,33.7997878
-118.1478982,33.7627883
-117.9528502,33.8182295
-117.1916207,33.6045421
-118.009654,33.8225762
-118.1861881,33.8378664
-117.9177399,33.7566968
-118.1265942,34.6860116
-118.1330206,33.9476458
-118.3459842,34.0117008
-116.860428,33.931894
-118.2667434,33.9844725
-118.2081922,33.8239732
-118.0278026,33.9665157
-118.275005,33.785044
-118.1554095,33.787363
-118.2794598,33.957211
-118.2754288,33.7868107
-118.451357,34.1898566
-118.1944437,33.8512804
-118.2998306,33.9239646
-118.1697846,33.8657408
-118.3182417,33.9058574
-118.1664499,33.7929847
-118.1648843,33.789225
-118.2174376,33.8078521
-118.3302413,33.8162226
-117.8875683,33.7460362
-118.3034331,33.9384548
-118.1586373,33.7905989
-118.3471996,33.893695
-118.3345739,33.8736993
-118.1754754,33.8415618
-117.6920549,34.0239773
-118.2621066,33.7722306
-118.1882336,33.7959785
-118.3269021,34.0046887
-106.420649,31.8850443
-118.270356,33.7776344
-118.137166,33.8900837
-118.2497891,33.9099313
-118.2625896,33.8889265
-111.7632826,33.4520948
-118.0773981,33.8387187
-117.7625173,33.7287575
-118.4471943,34.3191913
-118.1117932,33.8007395
-118.3419944,33.9056703
-117.9257192,33.8222907
-118.1527496,33.7694822
-118.1613691,33.9301741
-118.1295062,33.912293
-118.1910993,33.9183532
-96.3988574,30.1707278
-118.3245385,33.9056821
-118.2508525,33.9108784
-118.0084775,33.769149
-117.2663993,33.677453
-118.1937395,33.7700504
-118.3838095,33.982948
-118.0831855,33.7992889
-117.6893393,33.611979
-118.319933,33.820942
-118.292401,33.9611324
-118.021457,33.7896456
-118.2251666,33.8292843
-118.2559547,33.855386
-117.3311396,33.9523174
-118.2582869,33.9563117
-118.1831939,33.8517816
-118.3291332,33.9292496
-118.135283,33.8797349
-118.3307341,33.8584733
-118.3025357,33.7970223
-118.2609391,33.8907103
-118.1874876,33.8451148
-118.1270974,33.7922055
-118.3121946,34.0156122
-118.1289349,33.8234588
-116.9947978,32.6255724
-118.1973544,34.1225932
-118.2094357,33.8932095
-118.2709174,33.8349393
-118.1045864,33.8214575
-118.2892024,33.9392959
-117.5800029,34.0731564
-118.2991436,33.7381303
-118.3463429,34.0202134
-118.197242,33.842714
-117.9206526,33.9867443
-117.9508562,34.0045997
-118.2656807,33.8098813
-118.3165733,33.7971189
-118.2523508,34.0126199
-118.0566783,33.9891112
-118.4090863,33.9185442
-118.1224162,33.886957
-118.1708688,33.8580574
-117.4390987,34.1413168
-118.2892299,33.8911856
-118.3049734,33.8421625
-118.1636986,33.9129482
-118.2493503,34.0056113
-118.2774887,33.8281543
-118.255465,33.94542
-118.3312392,33.9064969
-118.1948411,33.8818052
-118.1140644,33.8282728
-118.042074,34.11833
-118.25767,33.9390554
-118.3549745,34.0296131
-118.235365,33.9104548
-118.2172368,33.8945842
-118.3206444,33.9427687
-118.286191,34.055651
-118.1958738,33.8843361
-118.3038913,34.0007282
-118.239143,33.9634401
-118.1040178,33.936853
-117.1703919,34.1096085
-76.312951,36.8383563
-118.0143448,33.7932801
-118.1140644,33.8282728
-118.3389456,33.9105603
-117.4140315,33.8731614
-118.1700292,34.5650764
-118.3403667,33.9144984
-117.3745969,33.9055199
-118.1480666,33.7939807
-118.3081754,33.8970056
-118.186965,33.851601
-118.1118612,33.8611049
-118.2711659,33.8206839
-118.2037365,33.9521824
-118.1348124,33.907765
-118.1457883,33.8533022
-118.2200712,33.8958492
-118.2993419,33.73037
-118.0320717,33.9121922
-118.2566037,34.1349599
-117.2021851,33.8143243
-118.3012334,33.8192633
-118.2265213,33.9164957
-118.3050145,34.0680205
-118.2139027,33.9254809
-118.190258,33.855315
-118.3107576,33.7768583
-117.5643742,34.1100999
-118.1797491,33.8413742
-118.303688,33.7918177
-118.377846,33.99177
-118.2667054,34.0024199
-118.2667703,33.8322047
-118.3287079,33.9541586
-118.0616636,33.9053177
-118.3290231,33.9711587
-118.0615217,33.9953938
-118.3453072,34.0108873
-118.3626967,33.9835296
-118.080934,33.9013145
-118.2353627,33.9317234
-118.2117975,33.9150873
-118.2755352,33.9166978
-117.4741295,34.1249152
-118.1369506,33.8784989
-118.2614914,33.9239859
-118.3268411,33.9586717
-117.2696059,34.1371025
-118.2854038,34.0051841
-117.9336782,33.7976587
-118.7470293,34.2682405
-118.1714998,33.8541527
-118.2544914,33.9422804
-118.067008,33.8516342
-118.270104,33.818579
-118.2158555,33.8178319
-118.1125433,33.9912889
-118.2233658,33.8338056
-118.3345892,34.0138517
-118.2696412,33.7932766
-118.0760096,34.5778459
-118.2781856,33.796556
-118.2113552,33.917091
-118.3384149,34.0237547
-118.2748074,33.7780528
-118.050078,33.832062
-118.3482968,33.8426745
-118.2295347,33.8950542
-118.1919681,33.7730858
-118.210075,33.9151339
-118.146391,33.8474681
-118.3452959,33.950992
-118.2002278,33.8903718
-118.2742607,33.783013
-118.1342339,33.8852963
-118.1302889,33.8866825
-118.286927,33.8897048
-118.1707034,33.7851319
-118.1920032,33.7772284
-118.249145,33.9054673
-118.334539,33.9038231
-118.1983673,33.8011083
-71.0692204,42.3017131
-117.991987,33.670732
-118.3208685,34.1725961
-118.3203718,34.0219937
-118.208764,33.818629
-118.2542612,33.834128
-118.1749794,34.0544104
-117.972347,33.8692893
-118.3184321,33.9998676
-118.3031052,33.7245234
-118.27773,33.922964
-117.6806716,34.1041931
-118.2887398,33.9039655
-118.3060646,33.9190275
-118.2655706,33.7916666
-118.120705,33.8782425
-118.0953411,33.8528771
-118.324148,33.828681
-117.8780208,34.1028326
-118.3477548,33.9022516
-118.1781586,33.8500182
-118.278316,33.843973
-118.3275124,34.0271384
-118.334526,34.013309
-118.2368947,33.9296858
-119.1844325,34.193245
-117.310331,34.067758
-118.3054064,33.9223798
-118.0794088,33.9073388
-118.1795923,33.8547988
-118.187477,33.803668
-118.141206,34.707031
-118.1733492,33.8245757
-117.582775,34.097122
-118.2097082,33.896584
-118.091417,33.9432556
-118.1013462,33.950612
-122.2257617,37.7835497
-118.2633258,33.7845365
-118.2951438,33.8940159
-118.3022444,33.736378
-118.0405329,33.7825136
-118.3099555,33.9350808
-117.6894869,33.53431
-118.3007188,33.8987899
-118.0892919,34.562355
-118.267109,33.913951
-118.2531726,34.0050408
-118.3061831,33.755836
-118.1757045,33.7824204
-122.3829382,40.6224787
-118.3325697,33.9711171
-118.151571,33.919528
-118.3400829,33.9082343
-117.6279887,34.1384216
-118.0699726,33.8605632
-118.0274824,33.7784003
-119.1657738,34.160582
-118.272078,33.8156125
-118.042682,33.727643
-118.2064133,33.8899612
-118.2713673,33.875366
-118.2815951,33.7431478
-118.2895393,33.917959
-118.2220617,33.8323206
-118.1524665,34.1982858
-117.8313361,34.1128966
-117.6614076,33.6154888
-118.1874615,33.8509999
-118.562581,34.212044
-118.1845356,33.8834897
-118.388158,34.2113489
-118.2328967,33.9008155
-117.9493026,34.0221429
-118.4090979,34.0042318
-117.3528342,34.4920182
-118.242562,33.8389961
-118.2888989,33.9254469
-118.1771953,33.8328044
-118.2530062,33.9185234
-118.2491859,33.7867135
-85.7466152,38.2125114
-118.235988,33.902825
-118.2732251,34.0699711
-118.2775158,33.7974026
-118.3256433,33.9679413
-118.8949281,34.2631612
-117.8999308,33.8357622
-118.3552925,33.9758079
-118.1582805,33.7683433
-118.1028936,33.8393354
-93.187534,30.208202
-118.2754188,33.7786291
-118.0272987,33.8112312
-118.2019164,33.9363101
-118.3010074,33.8087388
-118.3320439,33.7408789
-118.1372093,33.9347102
-117.59351,33.9627539
-118.3384645,33.9317398
-118.1397455,33.8573329
-118.1881349,33.8682961
-118.3520761,33.8403792
-118.364204,33.8493317
-117.9452585,33.8323108
-118.0692059,33.8293946
-118.3441136,33.9859712
-118.3044918,33.8968554
-118.264354,33.802962
-118.2912125,33.9079192
-118.2528808,34.0117847
-118.2186406,33.8289737
-118.3028031,33.94579
-118.1508315,33.8712598
-118.153186,33.87372
-118.2596509,33.9628796
-117.9073727,34.1192799
-118.2234812,33.9504469
-118.259464,33.8698232
-118.2981814,33.7497965
-118.210682,33.960394
-118.3286435,33.929379
-118.3457965,33.9264431
-117.893749,33.9122564
-118.2008164,33.7735275
-118.021975,33.8404504
-116.9435251,33.7748492
-118.31073,33.9500199
-118.2589642,33.8998347
-118.2765094,33.9345625
-118.2583647,33.7857014
-118.2589921,33.9261517
-118.1069737,33.9051543
-118.3024736,33.8023112
-118.2710348,34.0844438
-118.0879598,33.891926
-118.1715412,33.7770257
-118.3464468,34.0001816
-118.1099479,34.0204897
-117.8063252,34.1224918
-118.3403667,33.9144984
-118.2805894,33.7419032
-118.6001821,34.2087886
-117.3470967,34.1573408
-117.4786258,33.8899584
-117.8434351,33.9106627
-118.15752,33.788739
-118.312398,34.0157718
-118.070454,33.799809
-118.2679917,33.7919974
-118.3566515,33.9724826
-118.1541172,33.8993522
-118.2730535,33.824597
-118.3325697,33.9711171
-118.2954181,33.996629
-118.4449537,33.9849214
-118.281693,33.8316745
-118.2491713,33.8834141
-117.7891877,33.8629351
-118.2674113,33.8265535
-118.2509816,33.8531419
-118.3347975,33.9303503
-118.1856438,33.8466004
-118.3217938,33.9613747
-118.3761963,33.9877766
-93.0795224,44.0913882
-118.3384645,33.9317398
-118.1357332,33.8873639
-117.3266126,34.4862256
-118.2151537,33.8179993
-118.0550898,33.8431839
-118.2009691,33.9406158
-118.1717219,33.8733272
-118.1935257,33.8897572
-118.3247401,33.9266502
-118.328944,33.9651309
-118.281394,33.944896
-117.4154038,34.1636329
-118.191163,33.985417
-118.231647,33.8838902
-118.155941,33.879117
-118.271484,33.796359
-118.1368585,33.8716154
-118.2127706,33.7940468
-118.2363056,33.8537857
-117.4300308,34.1292761
-118.1826285,33.795782
-118.2836368,33.8281876
-117.599503,33.948231
-118.1056574,33.9209107
-118.210748,34.0266478
-118.2605347,33.8876768
-118.20705,33.962625
-118.2349876,33.9567183
-118.0104343,33.8115176
-118.2498257,33.7866781
-118.1159554,33.7948062
-118.3151042,34.0230291
-118.0471418,33.8509146
-118.3094136,33.9851215
-118.1378484,33.8680479
-118.2093071,33.8186829
-118.2788345,33.8128588
-118.3580863,33.9524647
-118.000742,33.849474
-118.0699726,33.8605632
-118.1584223,33.775584
-118.227376,33.969647
-118.0455125,33.7995373
-118.3307147,33.9061507
-118.1935804,33.884751
-118.1429665,34.6956568
-118.189693,33.815336
-118.0815314,33.7756814
-118.2901556,33.8876119
-117.4854491,34.1528447
-118.2538193,33.9394445
-118.1706386,33.7954657
-118.1737504,33.8628401
-118.2613779,33.803041
-118.3480439,33.9532888
-118.2759,33.8373901
-118.0699726,33.8605632
-118.1740948,33.9695405
-117.7452837,34.0545088
-118.3457827,33.9482182
-118.0942101,33.9167679
-118.214691,33.8180059
-118.3029655,33.9457724
-118.2198218,33.82786
-118.2999153,33.9885743
-118.2644115,33.7926624
-117.9862612,33.7284223
-118.193334,33.9081661
-118.2573194,33.7941547
-117.4627375,33.9312238
-118.3496715,33.9072639
-118.0880867,33.8846431
-118.0354172,33.8664482
-118.2674618,33.776109
-118.2679917,33.7919974
-118.2630362,33.8260877
-118.118013,33.883943
-118.1011946,33.8476793
-118.0867881,33.8663773
-118.1468251,33.7774657
-118.285783,33.8805817
-118.2679098,33.8036688
-118.2522451,34.6451968
-118.2873705,33.7408205
-118.2670701,33.7829253
-117.9706851,33.7729666
-118.2573194,33.7941547
-118.0934646,33.9910357
-118.2580028,33.8869395
-117.6858864,34.0759195
-118.1734434,33.9206797
-118.2880139,33.9989702
-118.253662,33.9188654
-117.6032504,34.1093292
-118.3595494,33.8205765
-118.272925,33.979906
-118.2125283,33.8154263
-97.512572,35.501979
-117.3816577,33.6961801
-118.3508911,34.0134214
-117.9681157,33.7765277
-118.1586282,34.6696434
-118.032349,34.5575364
-118.2465069,33.8303635
-118.2977377,33.7317353
-118.357209,33.8092253
-118.283929,33.942846
-118.228603,33.9698667
-118.2804601,33.7922312
-118.2871962,33.9367728
-118.2536944,33.8554623
-117.8832156,34.1029101
-118.2132374,33.8086002
-118.2787673,33.8190542
-118.2698912,33.9739575
-117.8802117,33.8920302
-118.2951971,33.7322786
-118.248261,33.8556141
-117.384026,33.695446
-117.4441032,33.9898459
-118.280693,33.787128
-117.719857,33.602866
-118.3106836,33.9675147
-118.1107439,33.8454293
-118.15519,33.941821
-118.2787673,33.8190542
-118.3233519,33.9376136
-117.8614119,33.8737997
-118.1511192,33.8810075
-118.2669319,33.8096847
-117.6042449,33.9616152
-118.0003325,33.7390217
-118.26973,33.78183
-118.1144174,33.9461008
-118.28688,33.8763551
-118.1137669,33.8785461
-118.3532523,33.8230637
-118.1684163,33.780483
-118.2748833,33.9594759
-117.1655174,33.5994957
-118.3821776,33.9758967
-118.254909,33.994565
-118.1989817,33.8792395
-118.3375821,34.0279861
-118.2783143,33.8259697
-117.2634593,33.9318432
-117.2362773,33.666835
-117.944022,33.9161436
-117.8627495,33.8696968
-118.1112043,33.8653454
-118.327471,34.02915
-118.1937395,33.7700504
-118.1520748,34.1299155
-117.8956558,33.7605536
-118.3454871,33.9468739
-118.2673322,33.8005402
-118.2892569,34.0061445
-118.2447056,33.8298062
-117.666324,33.656467
-117.9342558,34.0380763
-118.0319779,33.8444251
-118.365706,33.860446
-117.1986582,33.9365389
-117.9948314,33.9281829
-118.299108,33.940904
-118.314382,34.0383139
-118.1071768,33.896282
-118.058508,33.9107275
-118.1868759,33.8032159
-117.271763,34.547942
-118.1587954,33.8518058
-118.3453338,33.9104199
-118.109641,33.8593923
-118.3002128,33.8198295
-118.1657804,33.8719413
-118.3469772,33.9498737
-118.2601667,33.8517276
-117.8210646,33.6839883
-118.2119901,33.9144975
-118.2254803,33.9599074
-118.2592441,33.7820656
-118.2102437,33.906762
-118.2454914,33.93234
-118.1434812,33.7813033
-118.2927272,33.9153788
-118.3251153,34.0955367
-118.2912028,33.9174437
-118.264828,33.939889
-118.2527353,34.0576966
-118.3222687,34.0193081
-118.2364485,33.933222
-118.1489219,33.8969179
-118.2241105,33.8341924
-118.5888524,34.2107445
-118.248687,34.0513874
-118.1171024,33.8906101
-118.0996519,33.7921788
-118.2311663,33.9810074
-118.2436849,34.0522342
-117.5786166,34.4066858
-118.3297089,34.0403914
-118.291487,33.821269
-118.1576312,33.7791764
-118.1801846,34.5986573
-118.2781604,33.8281982
-118.2035854,33.8975289
-118.192945,33.7873222
-118.2022695,33.8943617
-118.2504238,33.8844982
-117.97922,33.8137029
-118.300742,33.7913236
-118.2157637,33.819711
-118.3447309,33.9954908
-117.2724648,34.5498566
-118.2795414,33.7866858
-117.5873,33.94406
-118.2692077,33.7913408
-117.3693203,34.0050169
-118.4288927,34.0540999
-118.2436849,34.0522342
-118.21789,33.9045106
-118.1292193,33.9025415
-118.2127069,33.8108276
-118.3403667,33.9144984
-118.2816676,33.7925388
-118.1260637,33.8680975
-118.4777041,34.0266906
-118.1594722,33.8510888
-118.334391,33.956569
-118.2947814,33.7320424
-118.3288963,33.8125218
-118.1708875,33.8635194
-118.0866504,33.9926721
-118.4159947,34.2376949
-118.3548815,33.8416172
-78.7252671,35.8996944
-118.046324,33.836211
-117.8625069,34.110831
-118.0712682,33.9036053
-117.8644571,33.7859373
-118.2120161,33.954737
-118.2383609,33.8876246
-117.2929983,34.4861062
-118.1247502,33.9851124
-118.0712682,33.9036053
-118.0687452,33.8395743
