"key","Cognitive","Interview","Conscient","Biographical","ai","r"
"1",1.71743154112101,1.68478329366398,0.538947672679324,1.34863040985543,-0.434326461851012,0.754763049155917
"2",4.15210236522813e-07,3.93480958686254e-06,1.87404307332946,4.36310443078392e-06,-0.180001089166921,0.0900013432316758
"3",2.53013964423883e-05,1.63837245090431,0.863166017017237,0.356246446788741,-0.356104380300617,0.272858162403426
"4",0.625382695440683,1.68249062505124,0.552136669479155,1.23594021351496,-0.417211792045486,0.538985484446329
"5",2.87795802488931e-05,1.74847408256457,0.629963517983505,0.993410622550472,-0.377170546620511,0.323895122832535
"6",0.00161540044899358,1.95351541406726,1.12104789142426,0.502665011505901,-0.357810876742794,0.276404277746339
"7",1.51836887183949e-05,0.098229106091511,1.47130081303734,0.000462210384353435,-0.198069964952107,0.104389100525872
"8",0.29304985370348,1.74250790822368,0.56412679886643,1.11609656924735,-0.400207260471387,0.434651284041306
"9",1.28291247666753,1.59173442495443,0.529853497591565,1.27004349328411,-0.432813538900212,0.697248631425394
"10",1.63222111215793e-05,1.60572289814283,0.728494890827275,0.8082196735226,-0.373090081568237,0.311938099485449
"11",0.201799095081275,1.72110630035139,0.57236685830204,1.0378108770422,-0.393979871605214,0.402569804292932
"12",0.472792460441863,1.95501717184027,0.551861438240344,1.34458625678707,-0.408241857802606,0.480001828301877
"13",3.05589087365853e-05,1.67558017621119,0.590772283034334,1.03027335621328,-0.378287553143481,0.328161724642422
"14",9.93042054626391e-07,0.431161064013596,0.490542273441206,8.6739191901001e-06,-0.315036728219428,0.207448885326715
"15",0.323174669945629,1.83702752109352,0.512721592081895,1.25541580565078,-0.401981618461734,0.444046164098659
"16",1.36780779892824,1.61482042720916,0.502530186515818,1.21853395623591,-0.433593307103747,0.714757300999186
"17",0.297356216422436,1.70537198368726,0.515103550311627,1.09502885573431,-0.401279319664951,0.44026413991104
"18",2.81794460280401e-06,0.0383537551158907,1.36259194091932,2.22221851939612e-05,-0.187740732713272,0.0961185473364601
"19",0.751839104656532,1.69854739878723,0.464572485584358,1.2018400653739,-0.422429661728872,0.578079764567284
"20",9.38148665915992e-06,1.57258672268512,0.906179690699192,0.316633511916676,-0.353541120053163,0.26764201260701
"21",9.34267582585377e-06,1.7625521401981,1.28626234529297,0.0599079124738091,-0.333744674512226,0.232324483340572
"22",3.37444276957987e-06,0.503896895880776,1.90066769528041,3.76181846763203e-05,-0.243731304468388,0.141787932880203
"23",0.000141517232552254,1.9564049040029,0.720108556686593,0.924875216755145,-0.374157520709866,0.314550235022161
"24",2.91055363961915e-07,1.40969770781582,1.73629703572884,3.63503639480155e-06,-0.311075751356523,0.203239834271249
"25",1.51836887183949e-05,0.970724563061562,1.2288925541785,0.000462210384353435,-0.309671498361376,0.201815665899281
"26",6.63570621726361e-06,1.79160417098131,1.06521198131524,0.347773818056834,-0.352438708390582,0.265506451584443
"27",3.57411320428497e-06,0.437230085902268,1.27057473829768,6.46741943776815e-05,-0.258456974462034,0.154359312312043
"28",1.19617753466792,1.65784080387982,0.445672861519133,1.24631510909539,-0.431967265060251,0.681819899046726
"29",3.2418753393024e-05,0.269401690530924,1.23292391149712,8.58127378652529e-06,-0.234112980650046,0.133744577350469
"30",0.0974796730677103,1.86615525836422,0.526846327876762,1.13670432134094,-0.3867008868909,0.36625997181914
"31",0.482086467069481,1.6925075038463,0.500850091894624,1.07315179830105,-0.411624067954219,0.501432740580254
"32",1.19233606421878e-05,1.82492473248326,0.999270021164303,0.540802712649075,-0.360989156938301,0.282680588679755
"33",3.04907089960138e-06,0.349871350832533,1.07416912048903,0.000655713857812078,-0.255280009961837,0.151686123166447
"34",1.42338698410999,1.86473331700382,0.56195184794362,1.39936894414683,-0.432568068262459,0.691403045701365
"35",2.49681746387492e-06,0.70201087554907,1.49614161464027,5.73657293881638e-05,-0.277853363546014,0.17144861003463
"36",6.51841922777449e-07,0.565345846502613,1.69304808388318,2.53095223735016e-05,-0.256662215478179,0.152805383397464
"37",0.255320895763641,1.5898872911389,0.512025638203014,1.12303175725168,-0.39961010056386,0.431865126849486
"38",2.03414474732469e-05,1.75553595150504,0.882315129280431,0.540548828021792,-0.363003230953453,0.286981474584223
"39",0.22205043680721,1.68478329366398,0.460510357210215,1.22011980364483,-0.397417141309069,0.420171898329454
"40",0.266016262272411,1.85759597093093,0.529103472491281,1.26985010137196,-0.398421524022842,0.424809913393379
"41",3.75945021801983e-06,1.34058355255612,1.71935674515755,3.57973826863104e-06,-0.308935180154798,0.201025504518591
"42",6.21985919603087e-05,1.32633695723661,0.550411456195465,0.450377287715284,-0.366895962551549,0.296344112054813
"43",1.19267086849785e-06,0.682289977162242,1.28419129914398,0.000275611468960413,-0.285863899861472,0.178761144972385
"44",3.37444276957987e-06,0.503896895880776,1.94567516653057,3.76181846763203e-05,-0.24250509090087,0.14075432457701
"45",1.02609322731788,1.81983014685583,0.560926918082918,1.34458625678707,-0.427319463865228,0.622364301748792
"46",0.204200350346889,1.71078546389926,0.522951536842693,1.19743054337566,-0.395429911846316,0.409606493730451
"47",0.0706112111402489,1.78804351213602,0.586373095870345,1.22940955429839,-0.385143126880809,0.359512893055201
"48",1.61415457600538,1.68552520895318,0.535669062022475,1.34863040985543,-0.434223008640541,0.740072725729893
"49",1.82688383339015e-05,0.218627088405172,1.66468379291155,0.000398524058134765,-0.21428057415173,0.1174519704065
"50",2.49681746387492e-06,0.667724927277394,1.23153608854688,5.32115961780758e-05,-0.287142820329045,0.179926282577265
"51",0.16866745876701,1.94329136606566,0.4818226545694,1.29344600162821,-0.392271520930734,0.393483720238173
"52",1.28798512604418,1.77326104431937,0.572450696469857,1.39944071870546,-0.431530204085357,0.674557532577608
"53",1.59224818131082,1.63436830527036,0.529394419647924,1.29674752156856,-0.434270172058016,0.744014837045386
"54",1.04266622678544,1.67640868229672,0.467699406622939,1.24631510909539,-0.429533165405292,0.647155191729862
"55",0.000626014895884232,0.381842194221438,1.79906435630293,4.50807486598374e-05,-0.232858268994281,0.132934750944382
"56",1.07341260830974,1.6495534980941,0.480272540420937,1.29425092765091,-0.430008926290721,0.653351614488699
"57",6.05478300361141e-06,1.20662491755321,1.44234484973747,0.000192142005781944,-0.312621543366725,0.204874498659536
"58",1.5761291614881,1.76199158368054,0.531356626856221,1.36426614812657,-0.433975678152487,0.727486290247984
"59",0.549331420491979,1.94329136606566,0.4818226545694,1.29344600162821,-0.412147769016549,0.505072820769768
"60",9.38148665915992e-06,1.25393654397945,0.900906750904782,0.149598395441638,-0.342203881111578,0.247032586649289
"61",0.000149662246315397,1.891257797623,1.15152750151093,0.422630086853314,-0.354208098093951,0.269015232174749
"62",0.952409820283676,1.99629011311902,0.617878906547935,1.4034417682061,-0.423749146687368,0.588974919271134
"63",4.04521468692293e-07,0.029122137644883,1.49423517843254,6.34371525938117e-05,-0.185386645411353,0.0942568095496486
"64",0.218733652143403,1.67528987991079,0.47649901244463,1.06753880101141,-0.396744063044067,0.416036212422398
"65",3.00788131200414e-06,0.468121019309947,1.38386016122548,3.97926258835068e-06,-0.257428261547816,0.153465449575509
"66",0.0504654415196766,1.6059401229438,0.420160055618773,1.07886057997184,-0.385020719325966,0.35818496709373
"67",9.34267582585377e-06,1.57258672268512,0.86759480099139,0.221584806298863,-0.348947033296239,0.259393325355082
"68",5.47653712720327e-05,1.76153531145055,1.13343375952932,0.219392764093867,-0.345108065566546,0.2519511584354
"69",3.45572453162707e-07,0.139823606766696,0.625666264820165,3.09173776639237e-06,-0.23516579947545,0.134602890928785
"70",3.96449600113027e-06,0.0766239501688866,1.23462617245954,9.57159462176616e-05,-0.196797452356702,0.103334931792427
"71",6.51841922777449e-07,0.341583235864439,1.70625317896072,2.48642102175306e-05,-0.230134710167048,0.130423578667871
"72",0.591924450960578,1.70009161589858,0.48070673233092,1.21855873112135,-0.416517347131976,0.533408495171412
"73",1.69076479829242,1.68478329366398,0.544092337187267,1.34629195776123,-0.434317949112292,0.75079370334785
"74",0.187750178123743,1.70609774662135,0.492398628234912,1.19111748787844,-0.394666220154225,0.405521556598759
"75",5.25398966170092e-06,1.19820000673371,1.86191822074744,3.52113388744899e-05,-0.297871022644191,0.190046022004718
"76",4.30916767747909e-06,1.85160664837704,1.43403105439109,0.0001689799501607,-0.328833699779377,0.224296459652838
"77",0.115751315793722,1.98727912273631,0.567928038463175,1.40719826361361,-0.388473084691105,0.375087825374154
"78",1.91689834433566e-07,0.884708057583506,0.576632425714757,0.102291364077449,-0.344043139652717,0.250033487423629
"79",1.53650530618699,1.7948961750104,0.582117376987362,1.47445189858914,-0.43338667783551,0.710849061361508
"80",0.693546788920049,1.8005774482634,0.510897397154754,1.22952390178076,-0.41905418179115,0.551704087569058
"81",1.08604423932075,1.81863663983512,0.507974964610975,1.28005778825955,-0.428903304232968,0.640298216828269
"82",8.20795029859886e-05,1.80864865382613,0.861431420482321,0.857124125182479,-0.371485302851716,0.307613185000759
"83",1.48031151019308,1.69781946323791,0.567928038463175,1.2922950606661,-0.433711310316762,0.71852762863704
"84",0.540818745181093,1.6615991842204,0.47199938537895,1.11850168908535,-0.415006436598262,0.523065364509699
"85",2.68143516909128e-06,0.19709063275834,1.44234484973747,0.000192142005781944,-0.215539724857387,0.118456146945816
"86",5.25875152437875e-06,1.13712470093458,1.73390592380246,5.324750827509e-05,-0.299018101548858,0.191155803631159
"87",0.469262181641505,1.87298257047714,0.506228784599871,1.22669826826329,-0.409149601006317,0.485833104130281
"88",1.26569093510762e-06,1.81708860286019,1.32342889418112,0.0147815320017976,-0.331027413123613,0.22780144538476
"89",0.0737764604066453,1.85759597093093,0.529103472491281,1.26985010137196,-0.38592427303209,0.362505654487611
"90",0.482086467069481,1.9689157542366,0.503456357525724,1.41859622093036,-0.408833796340331,0.484125827498077
"91",0.646637822439457,1.92831330658819,0.519660382112347,1.23594021351496,-0.415874493510728,0.530023159227574
"92",1.14485723057447,1.67929564816656,0.482812827911999,1.29674752156856,-0.430922532655289,0.665189666935255
"93",1.20103395568831e-06,1.81708860286019,1.25454843564268,0.0778582511219341,-0.335783374552971,0.235731149686106
"94",0.469262181641505,1.68487846020354,0.506228784599871,1.22063502855715,-0.410955548779984,0.497025266495164
"95",0.0737764604066453,1.85759597093093,0.472944518115858,1.22003983200557,-0.386043728284415,0.363041469881569
"96",0.825173247939017,1.8027611516625,0.521298703881427,1.33588955021424,-0.422845973067726,0.581482854124678
"97",1.24995893210824,1.77326104431937,0.572450696469857,1.39944071870546,-0.431053413201119,0.667602884732779
"98",0.0439252554656645,1.80490259370679,0.530033617616989,1.1265989588121,-0.382967307240067,0.348471139343991
"99",1.09736137913052e-06,0.532343750255031,1.83604997835274,0.000308900612066494,-0.248591541353414,0.145919612418133
"100",1.06483945785789e-06,0.0475499470725566,1.33306679062747,0.000563459842448198,-0.189847170350368,0.0978431878399928
"101",1.38264060681926e-06,0.415411740433459,0.505114035001606,0.000395452494162117,-0.311816597509565,0.204070261124829
"102",0.00227099838073647,1.66601464765964,0.584231625828215,0.885721820226608,-0.376615210496616,0.322205902623498
"103",1.42338698410999,1.86473331700382,0.576313665798964,1.39936894414683,-0.432524579256211,0.690504841248272
"104",7.7027540860398e-06,0.532343750255031,1.81104492886687,0.000308900612066494,-0.249354716968928,0.146571345879425
"105",0.520608450158124,1.91140447153428,0.586373095870345,1.26820237647217,-0.410469176963984,0.493671601122184
"106",0.000127779641646939,1.72129465440641,0.682547328894494,0.893050912638371,-0.375077548233594,0.317222985519125
"107",1.62447249764599,1.72044720906644,0.551870267400222,1.34858568005201,-0.434187488063963,0.737581667218618
"108",0.297356216422436,1.70537198368726,0.560116135065842,1.09502885573431,-0.400770461044512,0.43778266719948
"109",0.000191785170096877,0.180132646986398,1.43172063663859,0.00197970880136072,-0.213167853969276,0.116786248988075
"110",0.02448332660687,1.98793439498609,0.577727256181252,1.33116715624124,-0.381973278592217,0.343984581138305
"111",0.314527102156019,1.66145659635755,0.463907512164466,1.09287044618061,-0.40326239183945,0.451195152418662
"112",3.51607288204017e-06,1.04056349751145,0.558729953721872,0.0488645315762678,-0.33913763409863,0.243160423840375
"113",5.1964806458984e-06,0.378444175896043,1.07859038840862,0.000264882205583599,-0.259649775540661,0.155414215949308
"114",9.93042054626391e-07,0.253862944209077,0.490542273441206,8.6739191901001e-06,-0.284154720960094,0.177171875146872
"115",2.6274881832792e-07,1.51540400114296,1.6294331474365,0.000383532238509502,-0.31766431307305,0.210346901328814
"116",0.00245200686786786,1.85160664837704,1.43403105439109,0.0001689799501607,-0.329071842640823,0.225245553350004
"117",0.703424795034083,1.74454433062155,0.473997090605749,1.26897184440001,-0.420138169471403,0.559967545088231
"118",1.13873900273722e-06,0.50277422789661,1.2288925541785,2.55681043895296e-05,-0.269108807179117,0.163652439109312
"119",0.29304985370348,1.93712842205977,0.564996667721726,1.23594240460754,-0.39895685382491,0.427707654006768
"120",4.76203966728986e-06,0.167030155203696,1.51895120298651,0.000976485422816131,-0.209114786045964,0.113309600577521
"121",1.00473713806332e-05,1.91361836297466,1.12199390643658,0.32349691618729,-0.350625997601754,0.262122204720639
"122",1.10164385873515,1.68552520895318,0.531132921695801,1.34863040985543,-0.429723261765682,0.650527739033989
"123",0.445245916395604,1.87264464620748,0.584415279024814,1.226893880096,-0.407336625800354,0.474746235669072
"124",0.000149662246315397,1.95126271379039,1.17743665159554,0.35964666336358,-0.351407553051979,0.263573371698357
"125",1.55143885129896,1.68478329366398,0.540486804032248,1.34863040985543,-0.434041371099291,0.730311087171707
"126",2.82438305947392e-05,0.358977119346739,1.82417200620924,1.72662932491308e-06,-0.229386085293246,0.12981306214606
"127",6.47813153727535e-06,0.173705657020604,1.70977646184353,0.000103952049043996,-0.206930204591664,0.111469554024048
"128",0.787479181065388,1.69252500994169,0.541242778259655,1.2018400653739,-0.422970206340565,0.58244986085848
"129",1.39183136739324,1.86473331700382,0.556339942119067,1.39936894414683,-0.432297796173768,0.686463986794881
"130",0.104902250105875,1.95556708033282,0.478507536168123,1.2188486632129,-0.387531262289517,0.370636606023502
"131",1.92216986711153e-07,1.95936584927526,1.90498578212988,0.00244839422300391,-0.321932612233435,0.215306982903988
"132",0.622892723866829,1.85580836861337,0.560926918082918,1.34458625678707,-0.415285525124793,0.525092322476475
"133",0.00103735451764683,1.93298393860846,0.5363908899124,1.20729582868061,-0.379797868650046,0.333953718370215
"134",3.43585099510778e-06,1.91233522810635,1.31046296469682,0.181842540954692,-0.341124921631683,0.24490812513086
"135",1.23218038977842,1.80840604419822,0.441386923491006,1.33927977759579,-0.43123141043991,0.672048139467868
"136",1.91689834433566e-07,0.884708057583506,1.90828672503415,2.56625065648524e-05,-0.277078269195113,0.170747548652839
"137",0.989758324934929,1.77866908638606,0.464395331227312,1.26617425403561,-0.427611124282735,0.626421890738637
"138",1.19352237044057,1.66747938358164,0.507365480851547,1.21888209282397,-0.43173658664966,0.677225358310459
"139",1.23738270544812e-06,1.67179940501161,1.12199390643658,0.321748699574679,-0.349770521546082,0.260776500308103
"140",2.30046334662486e-07,0.258159516735033,1.73435403593391,5.04480806305215e-05,-0.218427599432548,0.120796805945472
"141",0.265898998988312,1.80028725706807,0.661840494488841,1.10608963393882,-0.396805027496605,0.417936849724685
"142",1.592978484337e-05,0.244664835893578,1.07858812100635,0.000178476649522242,-0.235905189438248,0.135249340393354
"143",8.2354516922122e-06,1.74847408256457,0.629963517983505,0.841761059270003,-0.374607604882344,0.315864540698498
"144",1.61048183266691,1.74483847550346,0.515037324308571,1.37370143824028,-0.434125557820923,0.734728952891339
"145",0.433082225827857,1.96392303932411,0.582877650665901,1.39516853650503,-0.406025758868502,0.467191145463614
"146",4.28362791892108e-06,0.379423325830953,1.38679060455409,0.00152658350234276,-0.245562068648116,0.1434634526639
"147",9.8900044415057e-06,1.65164845709787,0.72713786482695,0.772724217913754,-0.372315531207453,0.309398295679082
"148",1.23690436486167,1.8696591646531,0.590161181315619,1.38933243250549,-0.430329655281937,0.656862747425833
"149",4.37495002936608e-06,0.681524612141003,1.73647848707567,2.28192002917507e-05,-0.26650000048071,0.161357106489366
"150",4.28281440728159e-05,0.143463360698169,1.79197599753133,2.60334735355344e-06,-0.201460226636873,0.107074626574594
"151",0.124451215363823,1.97864852241101,0.505545660984494,1.34458625678707,-0.389307822796879,0.378795728092658
"152",6.47813153727535e-06,1.56548506260552,1.73334112522551,0.000105647000362598,-0.316318573529743,0.208849505458374
"153",1.42067930219425e-05,1.75070019115066,1.15386556546877,0.265909062394692,-0.34699057389273,0.25540773486766
"154",0.539073563235703,1.7714300383104,0.509063301128558,1.36675302334272,-0.412895119240632,0.510462023664297
"155",7.2224997685385e-10,1.95936584927526,1.96438690461984,0.00244839422300391,-0.320724270572478,0.213884372544925
"156",3.77747720647937e-05,1.81658050736234,1.2713296403787,0.191695964549207,-0.341623751112174,0.245857985565145
"157",0.000117681444579873,1.32633695723661,0.587308705452101,0.447428067065523,-0.366223230870856,0.294456897209061
"158",8.5713263093658e-07,0.135876300195191,0.952907759940182,3.16421876159811e-06,-0.21693929767374,0.119579309023853
"159",3.58933930611517e-06,0.0686753748370671,1.56183072295612,3.16421876159811e-06,-0.191997404140617,0.0994969499593946
"160",2.00089043522817e-05,1.93298393860846,0.72713786482695,1.00954907764846,-0.375628612421143,0.318815148717089
"161",0.731424556309522,1.72469990534965,0.562066327953284,1.18638341658102,-0.420731509934844,0.564547674646751
"162",0.858659214488135,1.66503883074017,0.482812827911999,1.29674752156856,-0.42528611938075,0.603521853585129
"163",1.26369218148282,1.77326104431937,0.572450696469857,1.39944071870546,-0.431230703172546,0.670132535219233
"164",8.5713263093658e-07,0.118797974710213,0.951664218678623,3.16421876159811e-06,-0.212661704155573,0.11609882464552
"165",4.30916767747909e-06,1.33769371931317,1.569752325222,0.000564472742084692,-0.313565550167234,0.205891003401544
"166",2.08331961808153e-05,1.79129350129678,1.1231346827732,0.54596880532237,-0.358711363439938,0.278659323048029
"167",0.000131359817935921,1.79405502194565,0.78005736287935,0.732799379708301,-0.370077607320676,0.303478677498749
"168",2.82438305947392e-05,0.358977119346739,0.37666785919953,1.72662932491308e-06,-0.318726220720075,0.211561797102675
"169",2.66327540366005e-06,0.551332596109428,1.75170028882,0.000334883010954355,-0.253233027971578,0.149881752129493
"170",9.61637320433221e-07,0.446830522185064,0.606852485308487,3.36455139973756e-07,-0.305779030456436,0.197819832570285
"171",0.806058505501549,1.65386388591688,0.444147372939128,1.19289477966816,-0.424649517287405,0.597225631581751
"172",1.58854843171369,1.82299494575376,0.572450696469857,1.39944071870546,-0.433783361055814,0.720285037366626
"173",0.00161540044899358,1.95071118922457,1.02621122864705,0.502665011505901,-0.359236348483332,0.279341281969894
"174",4.31802362032202e-06,0.355768563256082,1.84362874072249,0.00048148545277257,-0.228576927091537,0.129166724514127
"175",1.02084083089757,1.76797112727829,0.524793158379213,1.23431669374358,-0.428109333560555,0.63108416965734
"176",3.45572453162707e-07,0.145015625853281,0.84857056734743,3.16421876159811e-06,-0.223553205247219,0.124993000690785
"177",1.58854843171369,1.77326104431937,0.572450696469857,1.39944071870546,-0.433896816174095,0.724322184693161
"178",6.82150954549355e-05,0.270590940161883,1.53517988180753,2.51535870581865e-06,-0.224790717771373,0.126042428068857
"179",4.85611213570043e-07,1.11336740156145,1.78594410496534,0.0142034307301325,-0.29677780190199,0.189687772450067
"180",4.15210236522813e-07,0.017013950508195,0.199855854784163,4.36310443078392e-06,-0.202756895560818,0.108102354640285
"181",1.14485723057447,1.70283754734736,0.482812827911999,1.31089630298766,-0.430733289437059,0.66261468731353
"182",0.692417732422651,1.66136643486369,0.444147372939128,1.19289477966816,-0.42102813584115,0.566897939971025
"183",8.93602387716495e-06,1.38360562540442,0.859220450879526,0.181923585998695,-0.346375682949539,0.254251909112345
"184",6.47813153727535e-06,1.56548506260552,1.73480316488787,0.000105647000362598,-0.316279564819567,0.208806691943625
"185",0.170147701691124,1.64956103374431,0.63106532001646,1.07084423338743,-0.391541918024822,0.391697194220629
"186",9.26263244221012e-07,0.295202240136151,1.86299619570353,3.52951585632391e-05,-0.220679995994673,0.122638056926042
"187",0.000186259462463036,1.90451262032764,1.25175352109417,0.0175716858601799,-0.332869854229608,0.231152338596002
"188",0.124451215363823,1.97864852241101,0.539266141549919,1.34399456741744,-0.389081449501941,0.377551952137576
"189",0.000831012652056448,0.395088019126067,1.58342560867812,0.000385601021893461,-0.240762418807131,0.139686697421439
"190",0.784920074523769,1.8027611516625,0.543382335252036,1.33588955021424,-0.421480460458682,0.570445262170378
"191",1.58450524672746e-06,0.123563134757082,1.3752798757694,1.95750744343438e-06,-0.203954277380952,0.109061835889816
"192",2.05509638015423e-07,0.887359452876866,1.85218840284014,8.99184224623155e-05,-0.2791936591439,0.172658098808023
"193",0.303320608671837,1.95501717184027,0.551861438240344,1.18395566826326,-0.399223175206054,0.429841249561721
"194",3.43585099510778e-06,1.01525242690161,1.33275145623811,0.000375974618547308,-0.307698387384877,0.199782437991139
"195",2.49681746387492e-06,0.626600547997357,1.23153608854688,5.32115961780758e-05,-0.283065524673305,0.176177485277102
"196",0.401187871384536,1.93930471361988,0.566423179349818,1.29714857177917,-0.404823445776889,0.459950864420071
"197",8.20795029859886e-05,1.95884076020462,0.861769812562778,0.857124125182479,-0.371186951208177,0.306313763290814
"198",2.70068185238808e-06,1.23252346922517,1.82003449501401,2.09434109961089e-06,-0.300934428871623,0.193018138719288
"199",0.703424795034083,1.87763997959532,0.473997090605749,1.26897184440001,-0.418748373447431,0.55032386870377
"200",0.0281318387984659,1.99883317294042,0.542371246935209,1.34458625678707,-0.382528669736733,0.346541534288137
"201",1.94942446996214e-06,0.551332596109428,1.28855597142997,2.3818542041813e-05,-0.271946300066279,0.166164158986942
"202",0.16637973542016,1.90685669409877,0.558660002621842,1.18934185615886,-0.391291127087709,0.38838985473136
"203",7.88379103474273e-07,0.00428797345892576,1.17033930402277,8.35096946811505e-06,-0.181019917287771,0.0908048640589904
"204",0.135900224947489,1.83420309004229,0.473940812511402,1.14197140514093,-0.390067864411796,0.382697924865401
"205",0.554686277377945,1.83150463405175,0.508179403379576,1.22882319548256,-0.413394956339363,0.512410146071331
"206",0.06460972391255,1.99783651640845,0.553799886792863,1.26033476004953,-0.384410660330565,0.355185646830807
"207",6.01007059578675e-06,0.248404812904025,1.07858812100635,0.000178476649522242,-0.236633316280734,0.135850588219825
"208",0.820149938563711,1.88169583288156,0.552552202075872,1.30008512597779,-0.421875395980779,0.573421889285655
"209",0.000149662246315397,1.99783595415645,1.02530087425564,0.322945119117384,-0.351643717491979,0.264826697017675
"210",1.5931383966437e-05,0.0213275612433279,0.657909001846424,2.55594497204818e-06,-0.188900839221068,0.0970536409342395
"211",2.50372397182409e-06,1.65744366717798,1.0437602769269,0.490829943881885,-0.358116955742821,0.277390854381414
"212",0.761824251286714,1.98369406027403,0.50709685298031,1.30380083573235,-0.419305804059187,0.554915405552427
"213",9.89719021864785e-06,0.75314140034133,1.87301782088531,4.89509771325246e-05,-0.268019940836558,0.162696233122839
"214",0.000154747730184085,1.891257797623,1.16442764516081,0.44708754106643,-0.354887453675405,0.270424639491495
"215",1.57754974354481e-06,0.42353681701846,0.606852485308487,3.36455139973756e-07,-0.302708677153429,0.194762299918437
"216",9.8900044415057e-06,1.60733477166205,0.72713786482695,0.775750491559665,-0.372480221353743,0.31005101523916
"217",6.82150954549355e-05,0.799356629399678,1.40347761744978,0.000450046006401285,-0.290317863382969,0.182933669029819
"218",1.0841323111465e-05,1.746694514173,0.726830532442088,0.620090956531023,-0.367762646259073,0.298215090380435
"219",0.850845180142931,1.8027611516625,0.521298703881427,1.38226103903389,-0.423365158865335,0.586350547577917
"220",3.46567308180673e-05,0.582744821005625,1.46988723153143,3.91883017684123e-06,-0.267134793945791,0.161927356870235
"221",3.57411320428497e-06,0.437230085902268,1.14777703231053,6.46741943776815e-05,-0.264649921151364,0.159741821683069
"222",0.211532795327876,1.67999328828875,0.47649901244463,1.06753880101141,-0.39620573985658,0.413252365320288
"223",0.170147701691124,1.66432845793515,0.463907512164466,1.07084423338743,-0.393558061545886,0.399624007782766
"224",0.43333095990811,1.80490259370679,0.532798788759645,1.11381224871689,-0.407678138749733,0.477457943737422
"225",0.70695231096935,1.90291607646238,0.532615058123114,1.2943074520459,-0.418236556882396,0.545753261820541
"226",1.87577413865537,1.91194518093138,0.603295327948656,1.50537963935382,-0.43429683063169,0.74708415047748
"227",9.38148665915992e-06,1.57258672268512,0.906179690699192,0.221584806298863,-0.348396543315071,0.258139197821106
"228",3.47577507791029e-06,0.189171704902603,1.77697716113925,0.000421776897218834,-0.208174302316165,0.112495777297905
"229",3.47577507791029e-06,0.189171704902603,1.2334024631603,0.000434024346629659,-0.219545443075521,0.121753566538243
"230",3.45572453162707e-07,0.139823606766696,0.744364629525278,3.16421876159811e-06,-0.227392786810733,0.128155213964417
"231",0.00430877713184119,1.96922505923265,0.553799886792863,1.26033476004953,-0.380257971098441,0.335974461369916
"232",0.000191785170096877,0.180132646986398,1.50094876571231,0.00197970880136072,-0.211739946663719,0.115615188131434
"233",1.82688383339015e-05,0.100157675128381,1.75466567900938,0.000398524058134765,-0.195517275740037,0.102337903311099
"234",3.45572453162707e-07,0.0447096520505068,1.91622029547458,0.000301545648933126,-0.186456819698907,0.095119087374817
"235",0.858659214488135,1.68653979885634,0.499878817052144,1.2981806848336,-0.424993576576065,0.600617487289194
"236",0.426179014947404,1.97930417299947,0.551754750582722,1.32558220197048,-0.40584674288703,0.465898740894271
"237",3.77747720647937e-05,1.80758596463362,1.32491181695872,0.0425224855552231,-0.332558089638574,0.230350106827835
"238",0.000959304891335916,1.78204545300028,0.754375416588332,0.656789478095747,-0.368448378012693,0.299842723764199
"239",1.91260884701188e-06,0.521821176855549,1.43692299897371,2.3818542041813e-05,-0.261704970106255,0.157169133417856
"240",2.82438305947392e-05,0.582744821005625,1.81096515958279,2.63273520397195e-06,-0.25449269803825,0.150949283850431
"241",2.91397191251354e-07,0.406792176475933,1.71078937256267,0.000229230207978689,-0.238189042147171,0.13714362282816
"242",1.19811579598918,1.93269052805422,0.62735956669528,1.38933243250549,-0.429144759673668,0.642468615199932
"243",1.0841323111465e-05,1.92168288724711,0.851554981135882,0.620090956531023,-0.365326638774905,0.292478499173945
"244",3.53987787889436e-06,0.222517096643008,0.59400921915873,0.000442646729028553,-0.263704489827724,0.158993923498132
"245",4.28281440728159e-05,0.116327782745537,1.93653423410068,9.67502321006886e-06,-0.196267509076228,0.102916185811532
"246",0.787479181065388,1.93970843960361,0.541242778259655,1.35530881276822,-0.42033900504212,0.561367490105974
"247",3.54381244490028e-06,0.00766913361806303,1.56040465844967,4.92393425818697e-05,-0.181371918271698,0.0910868243649593
"248",0.266016262272411,1.85759597093093,0.529103472491281,1.26985010137196,-0.398421524022842,0.424809913393379
"249",3.39585304017448e-06,0.244664835893578,1.80986211238159,0.000171945492798815,-0.215182394096654,0.118160347284577
"250",9.2696548753268e-06,1.28597303410849,1.07858812100635,7.73628211342866e-05,-0.326767014910779,0.221360497198031
"251",0.343258915634627,1.73209336872256,0.449304410160606,1.20021217025217,-0.404506675688185,0.458441910240351
"252",3.47577507791029e-06,0.189171704902603,1.79865505345812,0.000134837981538256,-0.207826916434731,0.112193975597568
"253",0.542006979584463,1.86556823622925,0.505782850007881,1.26897184440001,-0.412511875991092,0.506669283553214
"254",1.19938994331274,1.612725471773,0.501219956856827,1.2175493502701,-0.432155715683258,0.683851661103992
"255",0.937016788563107,1.8027611516625,0.521298703881427,1.33588955021424,-0.425765037144103,0.607185293082419
"256",5.26142434515405e-05,1.22313271671563,1.1257465348747,2.12820045775499e-05,-0.323828164968248,0.217572094830865
"257",3.21396421103088e-06,1.28239782015225,1.11390112163119,1.21717904187873e-06,-0.325719736471223,0.219961444815869
"258",6.38243748163904e-06,1.40839045644072,1.3580675567777,4.4265010627177e-05,-0.322133788363985,0.215490524365069
"259",2.0672419806898e-06,1.79405678152488,1.30531682869104,5.73657293881638e-05,-0.330151039609164,0.226365642274764
"260",8.06999931467952e-07,1.58243582753168,1.28118689034372,3.2175774162398e-05,-0.327728597053993,0.222687254689498
"261",4.11349007756081e-06,1.64332502936239,1.02372417746932,0.410901393544401,-0.355538274949146,0.271796325969466
"262",0.735201446107974,1.7767611479918,0.453048558534108,1.42242968455321,-0.420357012658964,0.563705353933654
"263",1.22996182555407,1.86216432086682,0.51796767563557,1.39936894414683,-0.430565619514757,0.660363865273294
"264",9.89719021864785e-06,1.31590141961901,1.87301782088531,4.89509771325246e-05,-0.303097070800819,0.195149733100189
"265",4.01205024977774e-06,0.0766239501688866,1.96912864775291,0.00154409826702686,-0.190784579329724,0.0986371516890108
"266",0.000117681444579873,0.884009532419486,0.607925811206405,0.0291176628561125,-0.334825275723157,0.234193667128683
"267",0.000117681444579873,0.980558536297465,0.607925811206405,0.100511841770406,-0.343700063477099,0.249575044660832
"268",1.01081323100434e-05,0.408933165697786,1.99490882141892,1.07218205226928e-06,-0.231184126997685,0.131294973827564
"269",1.53650530618699,1.95313975871862,0.608666425681371,1.40776059941178,-0.432915191473244,0.699383260159997
"270",1.00523952365744,1.64676901733996,0.444147372939128,1.19289477966816,-0.429325436679601,0.645154321083429
"271",0.889494854817656,1.99629011311902,0.617878906547935,1.41785504652493,-0.42209794300673,0.575148919765451
"272",2.66327540366005e-06,0.598063498027132,1.20834264094796,1.26891414143399e-05,-0.28128577697288,0.174552198277198
"273",8.06999931467952e-07,1.58243582753168,1.28118689034372,3.2175774162398e-05,-0.327728597053993,0.222687254689498
"274",1.72581042611023e-07,1.18958153303718,1.82417200620924,2.30231478143967e-07,-0.298672934451227,0.19081729348212
"275",0.000186259462463036,0.237023238310081,1.24631902864862,4.64410821514598e-06,-0.227956179886832,0.128728482555186
"276",3.21396421103088e-06,0.451321463029384,1.09475730415984,1.6823173923815e-06,-0.26958781916198,0.164074587917322
"277",1.88396547473287e-06,0.157119445067675,1.83621462738097,6.13311047485958e-06,-0.202864726652487,0.108185799422536
"278",2.91397191251354e-07,0.283701431496739,1.71078937256267,0.000252072981694915,-0.222411299978673,0.124073320382823
"279",0.00227099838073647,1.74408254367916,0.584231625828215,0.885721820226608,-0.376143814490969,0.320910043842907
"280",3.35048912761926e-06,0.0687926616737086,1.24918050969855,0.000231262376115654,-0.194977358048362,0.101895670724717
"281",4.85611213570043e-07,1.29443177734958,1.93035421244324,1.03347036504757e-05,-0.300349132368341,0.192446087981335
"282",1.28857406737548e-05,1.50878261417387,1.01027756737381,0.000560245471375745,-0.331563668033995,0.228902940919519
"283",4.04521468692293e-07,0.029122137644883,1.74919069369983,6.34371525938117e-05,-0.184607488242327,0.0936398686916844
"284",1.06328078844792,1.88729772256616,0.62735956669528,1.42946241696065,-0.426841839545648,0.618291852691999
"285",0.482086467069481,1.88896422692745,0.503456357525724,1.3272628534671,-0.409627559657731,0.488610951176082
"286",0.478687089572674,1.98429235414721,0.59581688854458,1.3944518037416,-0.407862067300763,0.477877971583705
"287",0.438089515978835,1.98528945042193,0.500094037526197,1.31903351042603,-0.406693717361459,0.471359517131991
"288",1.65385919921307,1.63436830527036,0.529394419647924,1.29674752156856,-0.434323367578,0.753107310122308
"289",1.03379248311273,1.76797112727829,0.527976840287012,1.23431669374358,-0.428344656440785,0.633659671009283
"290",9.38148665915992e-06,1.25393654397945,0.900906750904782,0.121121748437334,-0.340192379045443,0.243415831126241
"291",1.03959249191494,1.92268915027432,0.591306251758718,1.34387112970786,-0.426617073703621,0.615474900381675
"292",0.434244392643962,1.95501717184027,0.551861438240344,1.34458625678707,-0.406448519399252,0.469389766880612
"293",9.38148665915992e-06,1.29577028008195,0.892569260639108,0.115365275033154,-0.340444970117481,0.243724707464815
"294",6.82150954549355e-05,0.65260213259148,1.10051906166246,0.000450046006401285,-0.292871486619966,0.185348204084527
"295",0.873733963222559,1.66503883074017,0.482812827911999,1.19019964912723,-0.426106320654443,0.610394404675989
"296",2.01494051886423e-07,0.91235388864823,1.516307259491,6.2522724072282e-05,-0.293728266486487,0.186088344525848
"297",0.124451215363823,1.97864852241101,0.423017672417125,1.34409261965849,-0.389686510271128,0.381681242121866
"298",0.000163913407482513,0.209924956083988,1.3752798757694,1.40976515901637e-06,-0.219349925697972,0.121634562848796
"299",4.15210236522813e-07,0.017013950508195,0.23411801330419,9.77984010587688e-07,-0.199548619588846,0.105525428068408
"300",0.545884114964943,1.95874776022812,0.551861438240344,1.34458625678707,-0.41139871311408,0.499419815610581
"301",1.19233606421878e-05,1.81465453294296,0.970244211293033,0.620090956531023,-0.363970562192813,0.289218912604509
"302",1.19233606421878e-05,1.81465453294296,0.970244211293033,0.620090956531023,-0.363970562192813,0.289218912604509
"303",1.23738270544812e-06,1.67158630589017,1.12199390643658,0.102487401343277,-0.338218113126996,0.239882128581419
"304",0.186592430995904,1.6615991842204,0.473693266136606,1.11850168908535,-0.394877861915676,0.406313270274072
"305",9.89719021864785e-06,1.35288308184652,1.87301782088531,4.89509771325246e-05,-0.30469335786356,0.196736255027576
"306",0.22205043680721,1.69872326141242,0.460510357210215,1.22011980364483,-0.397331019349485,0.419598356549243
"307",0.309065216501574,1.66044321739359,0.463907512164466,1.09287044618061,-0.40294102838203,0.449388213602318
"308",1.62943154602342e-05,0.414244992587477,0.552315027668996,6.42727170837458e-05,-0.306828090557727,0.198901578773308
"309",0.323174669945629,1.95858054838941,0.512721592081895,1.25541580565078,-0.400889671769261,0.438461094540718
"310",2.54112210152644e-06,1.57258672268512,0.792326349109614,0.535369871884509,-0.364839967352574,0.291031665518377
"311",3.43585099510778e-06,0.58019551515928,1.3051862460594,0.000375974618547308,-0.274417382286604,0.168393512862193
"312",3.43585099510778e-06,0.896436971760019,1.3051862460594,0.000375974618547308,-0.30179931087322,0.193890162374141
"313",0.0234595966318038,1.75861370874194,0.508735948565796,1.09712045081233,-0.381474576529203,0.341580897950718
"314",5.4758829475919e-06,0.843899821184884,1.53168018830125,0.000192142005781944,-0.288177266025606,0.180893808362704
"315",9.55566992369214e-07,0.497773341978323,1.18795193107129,3.6889294135466e-05,-0.270620361576831,0.164989413695584
"316",3.35048912761926e-06,0.0164291897321162,1.24918050969855,0.000282580554354273,-0.183682960725383,0.0929369496790584
"317",0.958502045078675,1.95038845037087,0.571684797395963,1.47763392405569,-0.424328074517072,0.594404781736962
"318",0.777474792321844,1.95874776022812,0.551861438240344,1.34458625678707,-0.419797114154667,0.55728621723616
"319",0.000182511137078879,1.55845278654377,0.730527937431064,0.634386610726878,-0.36913669178328,0.301179055598935
"320",0.608130265491645,1.9623578459124,0.552460402493619,1.31674374636858,-0.413878642656118,0.515552391821948
"321",2.57268769062637e-07,0.414531954974629,1.53255485173745,4.36310443078392e-06,-0.24479186063365,0.142680186365864
"322",0.306254493336099,1.66897396786226,0.495809652309383,1.08179061287317,-0.40234243934749,0.446068089373149
"323",6.47813153727535e-06,0.16089966214472,1.69933607442867,0.000105647000362598,-0.205191277238436,0.110067689303093
"324",5.98259795364724e-07,0.755794433152638,1.72470029742403,2.69317125849736e-06,-0.273467369013221,0.167514660242493
"325",1.42338698410999,1.73218959057814,0.600211192712993,1.36481032361383,-0.432978032972608,0.700968563947859
"326",2.66327540366005e-06,0.598063498027132,1.37554562138026,2.3818542041813e-05,-0.272967452012984,0.167072124980798
"327",0.0439252554656645,1.77135044846973,0.477320253842927,1.1265989588121,-0.383543028360241,0.351156706605725
"328",1.15288407347665e-06,0.829326511642577,1.71621380083097,2.51539264485806e-06,-0.279742370398383,0.173150093196906
"329",4.36970659964596e-06,0.271728952362083,0.49646916941058,1.64761341683905e-07,-0.287741366840417,0.180480737646405
"330",0.858659214488135,1.72924322088721,0.482812827911999,1.16016591772908,-0.425099118734552,0.602051335641251
"331",9.65594583961369e-07,1.64792974994046,0.551137000802039,1.02763489539244,-0.378803325248192,0.329987339837009
"332",0.787479181065388,1.57788533508287,0.552053443009967,1.1007770551223,-0.424178273994014,0.593568192973022
"333",1.4429084191852e-05,0.70369175094734,1.99126207526927,2.51535870581865e-06,-0.260049880643751,0.155735017021295
"334",4.85611213570043e-07,0.0444583234645369,1.89822489770942,1.66688919268085e-06,-0.186452256280817,0.0950944370326283
"335",4.36970659964596e-06,0.206912842885956,0.49646916941058,1.64761341683905e-07,-0.270277487322519,0.164687958106806
"336",0.06460972391255,1.98310373689014,0.553799886792863,1.18541942275688,-0.383842321778309,0.352955757088523
"337",0.937016788563107,1.8027611516625,0.521298703881427,1.33588955021424,-0.425765037144103,0.607185293082419
"338",0.504026784454371,1.89062864437551,0.560301557355171,1.27110676337728,-0.41016552450398,0.491699790297315
"339",2.00886848413208e-06,1.54807685300845,0.988167358574627,0.283423240152829,-0.350194377628097,0.261328378534469
"340",2.66327540366005e-06,0.551332596109428,1.28855597142997,2.3818542041813e-05,-0.271946434602461,0.166164640197766
"341",1.09756956640148,1.72571790336214,0.482812827911999,1.29674752156856,-0.429895449254293,0.651602185057274
"342",3.00788131200414e-06,0.384742202141212,1.38386016122548,3.97926258835068e-06,-0.2462696877665,0.143931654649492
"343",1.77667609087186e-05,1.63324473892812,0.774438567923079,0.732010359821001,-0.370635912586438,0.305150914799248
"344",0.787479181065388,1.68055325986907,0.541242778259655,1.1007770551223,-0.423256115206277,0.585727414928746
"345",9.22981952891164e-06,1.17922162523388,1.87301782088531,3.92539825064825e-05,-0.296532492580136,0.188760949464695
"346",2.93885629695612e-09,0.367455770815526,1.51391012717406,3.72043590390648e-06,-0.239191794030667,0.137967461908823
"347",0.193543177122746,1.83150463405175,0.585954410391599,1.23015302780264,-0.393456092684654,0.399426851851954
"348",1.19233606421878e-05,1.82492473248326,0.999270021164303,0.509024091359619,-0.359903327862054,0.28037428715259
"349",7.88379103474273e-07,0.0541206436184677,1.17033930402277,5.94036955643092e-06,-0.192603635712518,0.0999785747211406
"350",5.80598992518694e-06,1.76270193077406,1.6593614308874,0.000565065229240935,-0.323049965961256,0.216610143729813
"351",0.112748590087071,1.78985591596433,0.602088090481279,1.26601966654353,-0.388083911506774,0.374097231259383
"352",3.69505691475318e-06,1.75709648186978,1.20866943728907,0.0906204884390459,-0.336762340712198,0.237384901995707
"353",1.29433346394399,1.54237174730257,0.498166699824828,1.26077714725309,-0.433220677290593,0.706565203421174
"354",1.24221853915248e-06,1.81708860286019,1.25953860043773,0.277148217995608,-0.345876155675103,0.253570190351892
"355",0.703592121887607,1.93086752582252,0.527492342668087,1.28923053668313,-0.417865068931334,0.543378708259705
"356",3.51607288204017e-06,0.803656521691657,0.515632710507189,0.0488645315762678,-0.33891844040638,0.241202528944392
"357",4.15210236522813e-07,4.28607566952798e-06,0.23411801330419,4.36310443078392e-06,-0.180009136004861,0.0900110809004868
"358",4.30916767747909e-06,1.67948422954596,1.21784154827293,0.0001689799501607,-0.330223222678469,0.226486052889864
"359",3.75945021801983e-06,1.23220611678914,1.71935674515755,3.57973826863104e-06,-0.304242137069405,0.19628271372728
"360",2.00089043522817e-05,1.65077798495688,0.72713786482695,0.980803892822482,-0.375657005591202,0.320630388779657
"361",0.591924450960578,1.70009161589858,0.48070673233092,1.21855873112135,-0.416517347131976,0.533408495171412
"362",9.93042054626391e-07,0.255767413188501,0.490542273441206,8.6739191901001e-06,-0.284634715742664,0.177612227805193
"363",5.80598992518694e-06,1.76270193077406,1.6593614308874,0.0338225179969473,-0.324804936156372,0.219622876796028
"364",0.000182511137078879,1.76480457704629,0.748897660842088,0.634386610726878,-0.367864456521683,0.298352923036993
"365",1.0258425060835,1.88729772256616,0.520209277342384,1.42946241696065,-0.426776206563722,0.61729978772738
"366",0.0956870218798328,1.77543152467412,0.461971034650614,1.19963843835372,-0.388057115962983,0.372661810970206
"367",1.73065071621514e-06,0.0687926616737086,1.30698354177317,0.000231262376115654,-0.194331748701337,0.101378689563626
"368",6.81166067726592e-07,0.610246277877571,1.35363144152026,1.57038322249204e-05,-0.27528269185245,0.169136980790184
"369",2.57268769062637e-07,0.378980010945072,1.53255485173745,4.36310443078392e-06,-0.240130067329175,0.13875458441152
"370",6.03331455192542e-05,0.243790740277418,1.40811914734486,6.5675352327105e-05,-0.224084173571991,0.125465809135046
"371",2.58783535744838e-07,0.295202240136151,1.63677322529211,0.000234603614796266,-0.225729819954832,0.1268011093808
"372",0.63640600672528,1.92815769039005,0.524102172619473,1.23594021351496,-0.415467190200191,0.527129179792576
"373",3.00788131200414e-06,0.63131318428757,1.37679271304635,1.57038322249204e-05,-0.276371715761932,0.170114035486308
"374",1.5931383966437e-05,0.0686753748370671,0.693846077811634,2.55594497204818e-06,-0.206269015066951,0.11094301899278
"375",9.52989284523445e-08,1.16167417401952,1.99129049499982,4.04503902549716e-05,-0.291787864126906,0.18425508590906
"376",1.15288407347665e-06,0.829326511642577,1.70293979606777,2.51539264485806e-06,-0.28024218084804,0.173602896831883
"377",1.06286579395746,1.8027611516625,0.521298703881427,1.33588955021424,-0.428431840634443,0.634226388895488
"378",3.57411320428497e-06,0.321178497541991,1.14777703231053,6.46741943776815e-05,-0.246628737929322,0.144242755679542
"379",0.696349197944261,1.82571276020538,0.529103472491281,1.3134463854732,-0.418596576759061,0.548229263260245
"380",2.68866787383565e-07,0.563154584096022,1.56390321045701,0.000622290632500451,-0.261240136447939,0.156806984368923
"381",2.91397191251354e-07,1.88825647918056,1.71078937256267,0.000229230207978689,-0.324369182068337,0.218233213640368
"382",0.433082225827857,1.83664559466619,0.590382364745567,1.32558220197048,-0.406900549076196,0.472848062254318
"383",1.03585626860331,1.88729772256616,0.62735956669528,1.42946241696065,-0.426267306676644,0.612704559093888
"384",3.00788131200414e-06,0.413296649579408,1.38386016122548,3.97926258835068e-06,-0.250220993305488,0.147287882872561
"385",0.152204702724247,1.68263028044698,0.466468832739014,1.20906788706648,-0.392608479010927,0.39552609437659
"386",3.37805434428461e-06,0.0636611331560476,1.91978267610704,4.62632750425499e-05,-0.18909860045406,0.0971962281416772
"387",0.000197433422455434,0.552760284940462,1.43172063663859,0.000457518168723308,-0.265549844551344,0.160647898475819
"388",2.82438305947392e-05,0.087138671363852,1.78546375933205,1.72662932491308e-06,-0.193288803100828,0.100535065394453
"389",5.9974796000335e-07,1.03090138317306,1.85218840284014,8.99184224623155e-05,-0.28881441045476,0.181476752278901
"390",0.22205043680721,1.87284081338215,0.460510357210215,1.22618304335097,-0.396004333088659,0.412599969937239
"391",0.380603418575778,1.92915432835985,0.551876630946802,1.31373965953345,-0.404010244049243,0.455342329008222
"392",1.53650530618699,1.81443412494632,0.582117376987362,1.47445189858914,-0.433351420118394,0.709334245233292
"393",4.28281440728159e-05,0.116327782745537,1.27806104094768,7.5691711793153e-05,-0.204271510191432,0.109348925451867
"394",3.68226503629924e-06,0.0766239501688866,1.96912864775291,0.00112008769185358,-0.190745573275319,0.0985771837110398
"395",1.08378349819955e-06,0.36767066900732,1.51391012717406,2.51334612271491e-05,-0.239223334984281,0.137996117155183
"396",1.34875381090629e-05,0.244664835893578,0.95932618417819,0.000102000622859406,-0.241725962083576,0.140117739146668
"397",3.00788131200414e-06,0.426414071994649,1.38386016122548,1.63094865140113e-05,-0.251991836423157,0.148799884263255
"398",4.36970659964596e-06,0.544523894537858,1.79767807678047,0.000474674898775673,-0.251054173817021,0.148028774294197
"399",8.06999931467952e-07,1.58212411913259,1.84073459039491,3.76181846763203e-05,-0.31395446749671,0.20628322454698
"400",2.96540730310155e-07,0.569669017612783,1.50403400935649,2.53095223735016e-05,-0.264289642759681,0.159420681383591
"401",1.19352237044057,1.66747938358164,0.507365480851547,1.21888209282397,-0.43173658664966,0.677225358310459
"402",0.703592121887607,1.93086752582252,0.571327747552978,1.26985010137196,-0.417564223853222,0.541096767718197
"403",9.59766468479438e-07,0.446830522185064,1.15327994217244,2.69879138853115e-05,-0.265696521928601,0.160652613274734
"404",0.596785157700266,1.70826860102311,0.522951536842693,1.19743054337566,-0.416295196847967,0.531787102126717
"405",9.38148665915992e-06,1.25393654397945,1.01310608507648,0.121121748437334,-0.336924103080706,0.238601967026859
"406",1.14485723057447,1.85140046069075,0.588049547220876,1.29674752156856,-0.429235229172854,0.64379233477612
"407",0.135900224947489,1.77703261796717,0.473940812511402,1.14192846948041,-0.390531297094912,0.384618897484727
"408",2.91055363961915e-07,0.326685222393472,1.56263051507892,0.000261309681443795,-0.232094725613281,0.13206765265849
"409",1.97928622518737e-05,0.358977119346739,1.74674687552095,0.000373630316493795,-0.231332726059259,0.131449121258172
"410",2.68311129944496e-06,1.57258672268512,0.906179690699192,0.508394874890547,-0.361588249919806,0.284261251511315
"411",3.00788131200414e-06,0.243615908249971,1.3580675567777,4.4265010627177e-05,-0.225492994171987,0.126593652698978
"412",9.38148665915992e-06,1.28005756162741,0.988301604605955,0.115365275033154,-0.337722630966173,0.239525313160226
"413",1.72718759444296,1.77326104431937,0.540742996832117,1.39936894414683,-0.43428670686376,0.746384785421523
"414",0.35808273196373,1.98528945042193,0.500094037526197,1.31903351042603,-0.402749118808003,0.448704809595238
"415",3.37805434428461e-06,1.29326389863862,1.88680156122658,4.62632750425499e-05,-0.301651345752743,0.193722806096756
"416",0.135900224947489,1.78615067210781,0.473940812511402,1.14192846948041,-0.390460576554813,0.38431184788518
"417",2.03414474732469e-05,1.99492613161708,0.882315129280431,0.84312410163233,-0.370504109439339,0.304531282187126
"418",1.28830567862819,1.59173442495443,0.473694543125331,1.22023322392046,-0.433200792866846,0.70459985952486
"419",0.692417732422651,1.66136643486369,0.443853423265012,1.19462028646908,-0.421025216407443,0.566880359402782
"420",0.566599990671995,1.86556823622925,0.505782850007881,1.26897184440001,-0.413543833455574,0.513398320238456
"421",6.47813153727535e-06,0.16089966214472,1.69933607442867,9.58187798740363e-05,-0.205190287055782,0.11006613437216
"422",0.994402018640329,1.82096512102312,0.530064126686975,1.44896803015391,-0.426383701665231,0.614383538567896
"423",2.11281761778928e-07,0.029717217196664,1.95599735148446,9.43881114000445e-06,-0.184202049853436,0.0933151090621957
"424",4.36970659964596e-06,0.257222216218848,0.51261764483431,3.36455139973756e-07,-0.282169003767385,0.175359188176594
"425",0.00142066289831385,1.92787102468561,0.614634261836752,1.13915634370688,-0.378563235009561,0.328889880940549
"426",1.20405341592772e-05,0.00761443674687926,0.927178627024324,8.06995942032226e-06,-0.18228356959648,0.0918107907547708
"427",1.60012256963858,1.95762524807185,0.583170403175018,1.47710377788915,-0.433323161385369,0.707768988042111
"428",0.858659214488135,1.72924322088721,0.482812827911999,1.29674752156856,-0.424792846791769,0.598468974701944
"429",1.42338698410999,1.73218959057814,0.576313665798964,1.36423969364654,-0.433087958623714,0.702623086218854
"430",0.131647262690423,1.75551689080389,0.449304410160606,1.20021217025217,-0.390860565429442,0.386423546674929
"431",3.04963381039213e-06,0.565842776482232,1.82505024181402,2.3818542041813e-05,-0.252344725169775,0.149101304081692
"432",0.63640600672528,1.92815769039005,0.524102172619473,1.23594021351496,-0.415467190200191,0.527129179792576
"433",3.77747720647937e-05,1.61760259621772,0.906241422595658,0.204800470789083,-0.347406392406932,0.256573756800857
"434",3.57411320428497e-06,0.697815293201265,1.2098255350658,6.46741943776815e-05,-0.29107613519519,0.183591497098998
"435",1.09736137913052e-06,0.523873512590517,1.83604997835274,0.000308900612066494,-0.247707184750883,0.145168623485332
"436",0.145986324001718,1.79448559903186,0.49578790316245,1.14197140514093,-0.390948491642467,0.386630932676317
"437",0.482086467069481,1.88896422692745,0.503456357525724,1.32724022616913,-0.409627581684665,0.488611008954526
"438",0.0371897668790827,1.67498376825412,0.52411824791591,1.16885111967031,-0.383219711196217,0.350463281849441
"439",1.45943732861323e-05,0.733022214983529,1.8302148425938,0.000314145711902802,-0.267790527614782,0.162511827542115
"440",3.2418753393024e-05,0.269401690530924,1.45873441689753,8.58127378652529e-06,-0.2266899748989,0.127591348658509
"441",1.57754974354481e-06,0.338855570873191,0.606852485308487,0.000368064337797682,-0.289082946141569,0.18178047620245
"442",0.000154747730184085,1.89644146468732,1.14720214295907,0.44708754106643,-0.355206537151313,0.270991024604931
"443",0.187750178123743,1.95501717184027,0.551861438240344,1.34458625678707,-0.39307994732453,0.397344288439619
"444",0.388409824425884,1.99803389888903,0.584948051433561,1.37257452820147,-0.403618023287612,0.453171276432364
"445",4.15210236522813e-07,0.017013950508195,0.214391259597431,6.89548443644221e-07,-0.20127433976426,0.106909182235645
"446",0.187750178123743,1.95501717184027,0.551861438240344,1.34456362948909,-0.3930798894863,0.397343856575608
"447",0.389845191057177,1.98242691437143,0.59581688854458,1.31523660748288,-0.403663234325432,0.453393744329434
"448",0.387994692563825,1.70051529272555,0.465545800112139,1.19153083841797,-0.407129818958032,0.473518854704429
"449",1.23690436486167,1.862228972503,0.590161181315619,1.38933243250549,-0.430372123387856,0.657439049834034
"450",0.000105921323634685,0.243907730575817,1.04605670643836,2.07781797461053e-06,-0.237235483763223,0.136402174621892
"451",0.592315172826644,1.93086752582252,0.527492342668087,1.32722052911623,-0.413741642247084,0.514629158391031
"452",0.351931490978935,1.66706996092648,0.463907512164466,1.25750774136417,-0.405304017201993,0.463991943555713
"453",6.47813153727535e-06,0.131534116560588,1.73334112522551,0.000105647000362598,-0.200389758089228,0.106208575041703
"454",3.51607288204017e-06,0.803656521691657,0.558729953721872,0.0488645315762678,-0.337495582265177,0.238630287079103
"455",1.19451801221709e-06,1.53699923428731,1.43692299897371,2.3818542041813e-05,-0.323269419464447,0.216863354350685
"456",1.5761291614881,1.81443412494632,0.531356626856221,1.36426614812657,-0.433822356124773,0.723075792204616
"457",6.82150954549355e-05,0.65260213259148,1.10051906166246,0.000450046006401285,-0.292871486619966,0.185348204084527
"458",0.306254493336099,1.66914939864941,0.495809652309383,1.08179061287317,-0.40234066977107,0.44605877342499
"459",2.75327191777269e-07,0.172304631570122,1.20036155898426,3.16421876159811e-06,-0.217165708973705,0.119763399072625
"460",1.0926802160769e-05,1.91801520095441,0.91458366781434,0.620090956531023,-0.364594223783567,0.290546181094498
"461",4.71482006811866e-05,0.713363990865154,1.58032590852388,0.0001227913574216,-0.275380396334832,0.169250198918083
"462",0.343258915634627,1.66359993224042,0.449304410160606,1.20021217025217,-0.405115219572514,0.462126978436213
"463",6.01007059578675e-06,0.248404812904025,0.977229136208952,0.000178476649522242,-0.241563948762095,0.139985039315106
"464",0.343258915634627,1.67142077538814,0.449304410160606,1.20021217025217,-0.405049917595015,0.461704422872401
"465",0.696349197944261,1.82571276020538,0.597456338563195,1.3134463854732,-0.417960347547559,0.544016169903986
"466",0.857445230304929,1.76980256496328,0.521590104262527,1.34872640749623,-0.423940374321187,0.591139581954836
"467",3.49217685102567e-07,0.991530995926443,1.30643256071221,0.000113378743229491,-0.307475068501966,0.199539552606598
"468",1.02084083089757,1.76797112727829,0.544631800332094,1.23431669374358,-0.427994725167714,0.629752361833713
"469",4.30916767747909e-06,0.646338708381324,1.06076069906779,0.000543324175801599,-0.294564456942201,0.186926069510186
"470",2.68143516909128e-06,0.901957799189562,1.44879420170773,0.000228999238406598,-0.295856121829168,0.188123977716323
"471",6.57113835057297e-07,1.2208571400609,1.99716500488588,0.00669253135510617,-0.295073872849341,0.187660600729685
"472",0.00807740066663487,1.70537198368726,0.515103550311627,1.01222984225647,-0.379467223015976,0.332802211597147
"473",0.592359200593441,1.9623578459124,0.569141485505883,1.49740525813291,-0.412733466979214,0.509156273250432
"474",0.140292419082646,1.66747938358164,0.507365480851547,1.21888209282397,-0.391397123797929,0.390097349325138
"475",4.18746701548274e-07,1.30404676422167,1.78594410496534,1.2374827034319e-06,-0.305306062321839,0.197344411056995
"476",0.703592121887607,1.93086752582252,0.571327747552978,1.26985010137196,-0.417564223853222,0.541096767718197
"477",1.0690973597174,1.83664559466619,0.590382364745567,1.32558220197048,-0.427913884065166,0.628667055500878
"478",0.00272056089159062,1.87681947363428,0.533855934729371,1.23980462237168,-0.380417736308033,0.336778062975174
"479",4.15210236522813e-07,0.017013950508195,0.23411801330419,4.36310443078392e-06,-0.19955115123929,0.105529367981374
"480",1.5270615421883e-06,1.90667408603364,0.967878416861652,0.504023590746276,-0.360037119096704,0.280765021177655
"481",6.47813153727535e-06,0.131534116560588,1.73334112522551,0.000105647000362598,-0.200389758089228,0.106208575041703
"482",0.575486586934583,1.77866908638606,0.516764497688098,1.26897184440001,-0.414662422891673,0.520708976209187
"483",0.993010462516369,1.8215529969911,0.506249269784888,1.28005778825955,-0.427084981045988,0.620520743863608
"484",0.591924450960578,1.70009161589858,0.516644017382909,1.21855873112135,-0.416180172517238,0.53110327574347
"485",3.00788131200414e-06,0.29241011613104,1.39292007072746,3.97926258835068e-06,-0.232257808088672,0.132184219045673
"486",2.12002230777966e-05,0.884009532419486,0.607925811206405,0.0291176628561125,-0.334805341183968,0.234113044203889
"487",0.29304985370348,1.93712842205977,0.564996667721726,1.28902270017131,-0.39911877289774,0.42843951429016
"488",4.85611213570043e-07,1.29443177734958,1.93035421244324,1.03347036504757e-05,-0.300349132368341,0.192446087981335
"489",9.38148665915992e-06,1.34432888046418,0.900906750904782,0.149598395441638,-0.34309132460436,0.24835918467434
"490",3.00788131200414e-06,0.374396843650065,1.38386016122548,1.63094865140113e-05,-0.244805715320492,0.142694365145738
"491",3.30500124460014e-05,0.582744821005625,1.81096515958279,2.63273520397195e-06,-0.254493386554573,0.150951699979778
"492",0.857445230304929,1.76980256496328,0.521590104262527,1.34872640749623,-0.423940374321187,0.591139581954836
"493",0.485967876042059,1.83150463405175,0.508179403379576,1.22882319548256,-0.410354336085541,0.49297690816935
"494",0.777474792321844,1.98369406027403,0.551861438240344,1.34458625678707,-0.419552730311285,0.555611514441781
"495",0.0974796730677103,1.80510634284756,0.526846327876762,1.13670432134094,-0.387109588029861,0.3679475448829
"496",1.82688383339015e-05,0.187860440316605,1.66468379291155,0.000398524058134765,-0.20976384645703,0.113788084445466
"497",0.841363213446444,1.90914223806859,0.571684797395963,1.47763392405569,-0.421524710668806,0.571608324406658
"498",4.30916767747909e-06,1.49464297992702,1.30643256071221,0.000560245471375745,-0.325561734687255,0.21976964046974
"499",0.601377368379414,1.88896422692745,0.537907983349945,1.32773386329771,-0.414410762628873,0.518964108592481
"500",1.91129759952097e-06,1.92304957275457,0.851554981135882,0.620090956531023,-0.365318310322222,0.292463466344074
